{"skeleton":{"hash":"qQVIBM81RePtt9TdFsVjwjKQWwk","spine":"3.8.75","x":-17.25,"y":-754.85,"width":1318.42,"height":331.89,"images":"./Images/","audio":"E:/Saravanan/2024/03.March/10.Ninja Fruit Slice/27.03.2024/Title animation"},"bones":[{"name":"root"},{"name":"Main bone","parent":"root","length":133.39,"rotation":-89.36,"x":-1.44,"y":2.1},{"name":"Leaf","parent":"Main bone","length":163.33,"rotation":142.77,"x":729.14,"y":1.55,"scaleX":1.0811,"scaleY":1.0811},{"name":"Leaf3","parent":"Main bone","length":175.32,"rotation":-145.33,"x":719.32,"y":1263.48,"scaleX":0.9458,"scaleY":0.9458}],"slots":[{"name":"bg","bone":"root"},{"name":"Leaf2","bone":"Leaf3","attachment":"Leaf"},{"name":"Leaf","bone":"Leaf","attachment":"Leaf2"}],"skins":[{"name":"default","attachments":{"Leaf2":{"Leaf":{"x":168.65,"y":17.19,"scaleX":-1,"rotation":-125.31,"width":289,"height":307}},"Leaf":{"Leaf2":{"path":"Leaf","x":174.64,"y":-20.97,"rotation":-53.41,"width":289,"height":307}}}}],"animations":{"loop":{"bones":{"Leaf":{"rotate":[{"curve":0.43,"c2":0.04,"c3":0.386},{"time":0.6667,"angle":1.52,"curve":0.43,"c2":0.04,"c3":0.386},{"time":1.3333}],"translate":[{"curve":"stepped"},{"time":0.6667,"curve":"stepped"},{"time":1.3333}],"scale":[{"curve":0.43,"c2":0.04,"c3":0.386},{"time":0.6667,"x":0.991,"y":1.015,"curve":0.43,"c2":0.04,"c3":0.386},{"time":1.3333}]},"Leaf3":{"rotate":[{"curve":0.43,"c2":0.04,"c3":0.386},{"time":0.6667,"angle":1.52,"curve":0.43,"c2":0.04,"c3":0.386},{"time":1.3333}],"translate":[{"curve":"stepped"},{"time":0.6667,"curve":"stepped"},{"time":1.3333}],"scale":[{"curve":0.43,"c2":0.04,"c3":0.386},{"time":0.6667,"x":0.991,"y":1.015,"curve":0.43,"c2":0.04,"c3":0.386},{"time":1.3333}]}}}}}