{"skeleton":{"hash":"V4zCEicr0K0bhgtfmRIn0TYNFDU","spine":"3.8.75","x":246,"y":-571,"width":854.53,"height":1067.71,"images":"./Images/","audio":"E:/Saravanan/2024/03.March/10.Ninja Fruit Slice/27.03.2024/Title animation"},"bones":[{"name":"root"},{"name":"Main bone","parent":"root","length":133.39,"rotation":-89.36,"x":-1.44,"y":2.1},{"name":"Ninja","parent":"Main bone","length":86.82,"rotation":-179.9,"x":204.11,"y":668.12},{"name":"Ninja cross","parent":"Ninja","length":170.46,"rotation":100.14,"x":74.09,"y":-133.62},{"name":"Ninja back","parent":"Main bone","length":87.47,"rotation":-179.44,"x":203.27,"y":651.36},{"name":"Fruit main","parent":"Main bone","length":103.34,"rotation":178.84,"x":327.72,"y":615.69},{"name":"F","parent":"Fruit main","length":107.15,"rotation":6.38,"x":-5.7,"y":127.83},{"name":"R","parent":"Fruit main","length":115.24,"rotation":11.92,"x":-7.57,"y":33.98},{"name":"U","parent":"Fruit main","length":123.11,"rotation":3.07,"x":-11.44,"y":-40.76},{"name":"T","parent":"Fruit main","length":106.68,"rotation":-7.33,"x":-14.02,"y":-156.49},{"name":"Slice","parent":"Main bone","length":89.82,"rotation":178.81,"x":434.81,"y":627.65},{"name":"Slice back","parent":"Main bone","length":98.55,"rotation":-179.62,"x":456.59,"y":625.66},{"name":"Fruit back","parent":"Main bone","length":121.92,"rotation":178.6,"x":349.88,"y":630.86},{"name":"I","parent":"Fruit main","length":107.82,"rotation":-3.11,"x":-4.51,"y":-102.27},{"name":"rays-2","parent":"Main bone","length":178.69,"rotation":58.4,"x":398.55,"y":730.21},{"name":"rays-1","parent":"Main bone","length":178.89,"rotation":129.22,"x":268.3,"y":755.5},{"name":"rays-4","parent":"Main bone","length":218.68,"rotation":-132.27,"x":278.94,"y":487.5},{"name":"rays-3","parent":"Main bone","length":220.89,"rotation":-68.29,"x":398.26,"y":499.8},{"name":"Bomb","parent":"Main bone","length":87.48,"rotation":134.89,"x":149.84,"y":922.53},{"name":"Orange top","parent":"Main bone","length":58.59,"rotation":-136.42,"x":135.36,"y":334.73},{"name":"Watermelon","parent":"Main bone","length":107.62,"rotation":151.18,"x":204.11,"y":449.68},{"name":"Watermelon bottom","parent":"Main bone","length":60.42,"rotation":-62.63,"x":475.75,"y":323},{"name":"Orange bottom","parent":"Main bone","length":66.76,"rotation":54.05,"x":514.08,"y":912.81},{"name":"Watermelon top","parent":"Watermelon","length":64.13,"rotation":-5.51,"x":39.76,"y":1.12},{"name":"Knife","parent":"Main bone","length":109.47,"rotation":-106.35,"x":362.61,"y":675.53,"scaleX":1.9662,"scaleY":1.1662},{"name":"Star","parent":"Knife","length":25.9,"rotation":15.27,"x":108.78,"y":2.17},{"name":"F-Cross","parent":"Fruit main","length":253.59,"rotation":-67.72,"x":20.48,"y":156.64},{"name":"Shadow","parent":"Main bone","length":61.78,"rotation":178.56,"x":468.27,"y":643.94},{"name":"Leaf","parent":"Main bone","length":163.33,"rotation":142.77,"x":729.14,"y":1.55},{"name":"Leaf3","parent":"Main bone","length":175.32,"rotation":-145.33,"x":719.32,"y":1263.48},{"name":"Fire-1","parent":"Bomb","length":60.68,"rotation":47.65,"x":114.2,"y":12.91},{"name":"Splsh","parent":"Main bone","length":122.73,"rotation":-61.24,"x":-392.26,"y":1024.95},{"name":"Knife2","parent":"Main bone","length":109.47,"rotation":-136.02,"x":203.59,"y":553.77},{"name":"Star2","parent":"Knife2","length":25.9,"rotation":15.27,"x":108.78,"y":2.17},{"name":"Knife3","parent":"Main bone","length":109.47,"rotation":-124.27,"x":385.5,"y":789.18,"scaleX":1.0104,"scaleY":1.0104},{"name":"Star3","parent":"Knife3","length":25.9,"rotation":15.27,"x":108.78,"y":2.17},{"name":"T-Cross","parent":"Fruit main","length":153.29,"rotation":97.77,"x":22.22,"y":-179.27},{"name":"Knife4","parent":"Main bone","length":109.47,"rotation":73.36,"x":94.46,"y":680.62,"scaleX":1.1662,"scaleY":1.1662},{"name":"Star4","parent":"Knife4","length":25.9,"rotation":15.27,"x":108.78,"y":2.17},{"name":"Knifee","parent":"Main bone","length":189.98,"rotation":48.61,"x":6.05,"y":644.72,"scaleX":0.9503,"scaleY":0.9503}],"slots":[{"name":"bg","bone":"root"},{"name":"Shadow","bone":"Shadow","attachment":"Shadow"},{"name":"Bomb","bone":"Bomb","attachment":"Bomb"},{"name":"rays-1","bone":"rays-1","attachment":"rays-1"},{"name":"Orange top","bone":"Orange top","attachment":"Orange top"},{"name":"rays-4","bone":"rays-4","attachment":"rays-4"},{"name":"Orange bottom","bone":"Orange bottom","attachment":"Orange bottom"},{"name":"rays-2","bone":"rays-2","attachment":"rays-2"},{"name":"Watermelon bottom","bone":"Watermelon bottom","attachment":"Watermelon bottom"},{"name":"rays-3","bone":"rays-3","attachment":"rays-3"},{"name":"Watermelon bottom  title","bone":"Watermelon","attachment":"Watermelon bottom  title"},{"name":"Ninja back","bone":"Ninja back","attachment":"Ninja back"},{"name":"Slice back","bone":"Slice back","attachment":"Slice back"},{"name":"Ninja","bone":"Ninja","attachment":"Ninja"},{"name":"Ninja cross","bone":"Ninja cross","attachment":"Ninja cross"},{"name":"Watermelon bottom title","bone":"Watermelon","attachment":"Watermelon bottom title"},{"name":"Watermelon top","bone":"Watermelon top","attachment":"Watermelon top"},{"name":"Watermelon","bone":"Watermelon","attachment":"Watermelon"},{"name":"Fruit back","bone":"Fruit back","attachment":"Fruit back"},{"name":"F","bone":"F","attachment":"F"},{"name":"R","bone":"R","attachment":"R"},{"name":"U","bone":"U","attachment":"U"},{"name":"I","bone":"I","attachment":"I"},{"name":"T","bone":"T","attachment":"T"},{"name":"Slice","bone":"Slice","attachment":"Slice"},{"name":"Knife","bone":"Knife","attachment":"Knife"},{"name":"Knife3","bone":"Knife3","attachment":"Knife"},{"name":"Knife4","bone":"Knife4","attachment":"Knife"},{"name":"Knife2","bone":"Knife2","attachment":"Knife"},{"name":"Star","bone":"Star","attachment":"Star"},{"name":"Star3","bone":"Star3","attachment":"Star"},{"name":"Star4","bone":"Star4","attachment":"Star"},{"name":"Star2","bone":"Star2","attachment":"Star"},{"name":"4","bone":"Splsh","attachment":"4"},{"name":"Fire-1","bone":"Fire-1","attachment":"Fire-1"},{"name":"Leaf2","bone":"Leaf3"},{"name":"Leaf","bone":"Leaf"},{"name":"FRU Cross","bone":"F-Cross","attachment":"FRU Cross"},{"name":"UIT Cross","bone":"T-Cross","attachment":"UIT Cross"},{"name":"Knifee","bone":"Knifee","attachment":"Knifee"}],"skins":[{"name":"default","attachments":{"Shadow":{"Shadow":{"x":175.24,"y":18.64,"rotation":-89.19,"width":451,"height":383}},"rays-1":{"rays-1":{"x":117.54,"y":1.92,"rotation":-39.85,"width":284,"height":222}},"Bomb":{"Bomb":{"x":39.42,"y":2.64,"scaleX":0.5659,"scaleY":0.5659,"rotation":-45.53,"width":197,"height":232}},"Orange top":{"Orange top":{"x":16.82,"y":1.46,"rotation":-134.22,"width":88,"height":93}},"I":{"I":{"x":48.69,"y":1.68,"rotation":-86.36,"width":67,"height":143}},"F":{"F":{"x":46.88,"y":-6.34,"rotation":-95.86,"width":103,"height":144}},"Star":{"Star":{"x":1.86,"y":0.02,"rotation":-149.89,"width":70,"height":71}},"FRU Cross":{"FRU Cross":{"x":121.58,"y":-1.82,"rotation":-21.76,"width":241,"height":104}},"Ninja cross":{"Ninja cross":{"x":105.04,"y":0.41,"rotation":169.12,"width":217,"height":64}},"rays-3":{"rays-3":{"x":120.08,"y":10.01,"rotation":157.65,"width":299,"height":187}},"Knife2":{"Knife":{"x":44.79,"y":4.36,"rotation":-134.62,"width":102,"height":95}},"Knife3":{"Knife":{"x":44.79,"y":4.36,"rotation":-134.62,"width":102,"height":95}},"Knife4":{"Knife":{"x":44.79,"y":4.36,"rotation":-134.62,"width":102,"height":95}},"Knife":{"Knife":{"x":44.79,"y":4.36,"rotation":-134.62,"width":102,"height":95}},"Watermelon top":{"Watermelon top":{"x":23.65,"y":3.23,"rotation":-56.31,"width":116,"height":103}},"R":{"R":{"x":50.17,"y":-9.29,"rotation":-101.4,"width":128,"height":146}},"Fruit back":{"Fruit back":{"x":61.84,"y":-5.91,"rotation":-89.24,"width":418,"height":162}},"T":{"T":{"x":56.86,"y":-8.1,"rotation":-82.15,"width":104,"height":148}},"Slice back":{"Slice back":{"x":53.1,"y":4.82,"rotation":-91.01,"width":327,"height":135}},"Watermelon":{"Watermelon":{"x":53.01,"y":0.58,"rotation":-61.82,"width":124,"height":124}},"Ninja back":{"Ninja back":{"x":36.1,"y":-15.62,"rotation":-91.19,"width":316,"height":127}},"Knifee":{"Knifee":{"x":92,"y":6.46,"rotation":-118.95,"width":148,"height":208}},"UIT Cross":{"UIT Cross":{"x":78.13,"y":-0.68,"rotation":172.77,"width":171,"height":36}},"Watermelon bottom title":{"Watermelon bottom title":{"x":40.75,"y":-0.88,"rotation":-61.82,"width":115,"height":103}},"Star4":{"Star":{"x":1.86,"y":0.02,"rotation":-149.89,"width":70,"height":71}},"Ninja":{"Ninja":{"x":36.56,"y":-1.05,"rotation":-90.73,"width":301,"height":118}},"Star2":{"Star":{"x":1.86,"y":0.02,"rotation":-149.89,"width":70,"height":71}},"U":{"U":{"x":57.76,"y":2.95,"rotation":-92.54,"width":96,"height":144}},"rays-2":{"rays-2":{"x":143.5,"y":-9.16,"rotation":30.96,"width":291,"height":202}},"Watermelon bottom":{"Watermelon bottom":{"x":23.22,"y":-3.89,"rotation":151.99,"width":81,"height":89}},"rays-4":{"rays-4":{"x":111.57,"y":-0.38,"rotation":-138.37,"width":264,"height":244}},"Watermelon bottom  title":{"Watermelon bottom  title":{"x":42.81,"y":-3.18,"rotation":-61.82,"width":123,"height":115}},"Slice":{"Slice":{"x":35.64,"y":7.35,"rotation":-89.44,"width":312,"height":126}},"4":{"4":{"x":43.39,"y":-6.64,"rotation":150.6,"width":245,"height":213}},"Fire-1":{"Fire-1":{"x":-0.97,"y":-0.49,"rotation":-93.18,"width":53,"height":54},"Fire-3":{"x":-3.09,"y":-1.52,"rotation":-93.18,"width":74,"height":74},"Fire_2":{"x":-1.09,"y":1.98,"rotation":-93.18,"width":62,"height":61}},"Orange bottom":{"Orange bottom":{"x":24.26,"y":-1.43,"rotation":35.31,"width":90,"height":98}},"Star3":{"Star":{"x":1.86,"y":0.02,"rotation":-149.89,"width":70,"height":71}}}}],"animations":{"in":{"slots":{"Leaf2":{"attachment":[{"name":null}]},"Star3":{"attachment":[{"name":null},{"time":2.4333,"name":"Star"},{"time":2.5667,"name":null}]},"Watermelon":{"attachment":[{"time":2.1667,"name":null}]},"I":{"color":[{"color":"ffffff00","curve":"stepped"},{"time":1.0667,"color":"ffffff00","curve":0.371,"c2":0.1,"c3":0.386},{"time":1.3333,"color":"ffffffff"}]},"FRU Cross":{"color":[{"color":"ffffff00","curve":"stepped"},{"time":2.3667,"color":"ffffff00","curve":0.371,"c2":0.1,"c3":0.386},{"time":2.4333,"color":"ffffffff"}]},"T":{"color":[{"color":"ffffff00","curve":"stepped"},{"time":1.3333,"color":"ffffff00","curve":0.371,"c2":0.1,"c3":0.386},{"time":1.6,"color":"ffffffff"}]},"Ninja cross":{"color":[{"color":"ffffffff","curve":0.371,"c2":0.1,"c3":0.386},{"time":0.6,"color":"ffffff00","curve":0.371,"c2":0.1,"c3":0.386},{"time":0.6667,"color":"ffffffff"}],"attachment":[{"name":null},{"time":0.5667,"name":null},{"time":0.6,"name":"Ninja cross"},{"time":0.6667,"name":"Ninja cross"}]},"Star":{"color":[{"time":2.3667,"color":"ffffffff"}],"attachment":[{"name":null},{"time":2.3,"name":null},{"time":2.3333,"name":"Star"},{"time":2.4333,"name":null}]},"Watermelon top":{"color":[{"time":2.1667,"color":"ffffffff","curve":0.371,"c2":0.1,"c3":0.386},{"time":2.2667,"color":"ffffffad","curve":0.371,"c2":0.1,"c3":0.386},{"time":2.3333,"color":"ffffff00"}]},"Knife2":{"attachment":[{"name":null},{"time":1.9667,"name":null},{"time":2,"name":"Knife"},{"time":2.2333,"name":null}]},"bg":{"attachment":[{"name":null}]},"Star4":{"color":[{"time":0.6667,"color":"ffffff00"}],"attachment":[{"name":null},{"time":0.4,"name":null},{"time":0.4333,"name":"Star"},{"time":0.5333,"name":"Star"},{"time":0.6,"name":"Star"},{"time":0.6667,"name":"Star"}]},"Knife4":{"attachment":[{"name":null},{"time":0.4667,"name":null},{"time":0.5,"name":"Knife"},{"time":0.6667,"name":"Knife"},{"time":0.7,"name":null}]},"F":{"color":[{"color":"ffffff00","curve":"stepped"},{"time":0.4667,"color":"ffffff00","curve":0.371,"c2":0.1,"c3":0.386},{"time":0.7,"color":"ffffffff"}]},"UIT Cross":{"color":[{"color":"ffffff00","curve":"stepped"},{"time":2.4667,"color":"ffffff00","curve":0.371,"c2":0.1,"c3":0.386},{"time":2.5333,"color":"ffffffff"}]},"4":{"color":[{"time":2.1667,"color":"ff2e72ff","curve":0.371,"c2":0.1,"c3":0.386},{"time":2.2333,"color":"cf0083ff"}]},"Leaf":{"attachment":[{"name":null}]},"Ninja":{"color":[{"color":"ffffff00","curve":0.371,"c2":0.1,"c3":0.386},{"time":0.2667,"color":"ffffffff"}]},"Knifee":{"attachment":[{"name":null},{"time":0.4333,"name":null},{"time":0.4667,"name":"Knifee"},{"time":0.7,"name":null},{"time":1.9667,"name":null},{"time":2,"name":"Knifee"},{"time":2.0667,"name":"Knifee"},{"time":2.2333,"name":null},{"time":2.2667,"name":"Knifee"}]},"rays-2":{"color":[{"color":"ffffff00","curve":"stepped"},{"time":1.6333,"color":"ffffff00","curve":0.371,"c2":0.1,"c3":0.386},{"time":1.8333,"color":"ffffffff"}]},"Knife3":{"attachment":[{"name":null},{"time":2.4333,"name":null},{"time":2.4667,"name":"Knife"},{"time":2.5333,"name":"Knife"},{"time":2.5667,"name":null}]},"Knife":{"attachment":[{"name":null},{"time":2.2333,"name":null},{"time":2.2667,"name":"Knife"},{"time":2.4,"name":"Knife"},{"time":2.4333,"name":null}]},"R":{"color":[{"color":"ffffff00","curve":"stepped"},{"time":0.6333,"color":"ffffff00","curve":0.371,"c2":0.1,"c3":0.386},{"time":0.9,"color":"ffffffff"}]},"Shadow":{"color":[{"color":"ffffff00","curve":0.371,"c2":0.1,"c3":0.386},{"time":1.8333,"color":"ffffff00","curve":0.371,"c2":0.1,"c3":0.386},{"time":2.0333,"color":"ffffffff"}]},"U":{"color":[{"color":"ffffff00","curve":"stepped"},{"time":0.8,"color":"ffffff00","curve":0.371,"c2":0.1,"c3":0.386},{"time":1.0667,"color":"ffffffff"}]},"Star2":{"color":[{"time":2.2333,"color":"ffffff00"}],"attachment":[{"name":null},{"time":1.9667,"name":null},{"time":2,"name":"Star"},{"time":2.2,"name":"Star"},{"time":2.2333,"name":"Star"}]}},"bones":{"Ninja back":{"rotate":[{"curve":"stepped"},{"time":0.2333,"curve":"stepped"},{"time":0.3333,"curve":"stepped"},{"time":0.4333}],"translate":[{"curve":"stepped"},{"time":0.2333,"curve":"stepped"},{"time":0.3333,"curve":"stepped"},{"time":0.4333}],"scale":[{"x":0,"y":0,"curve":0.371,"c2":0.1,"c3":0.386},{"time":0.2333,"curve":0.371,"c2":0.1,"c3":0.386},{"time":0.3333,"x":0.916,"y":0.916,"curve":0.371,"c2":0.1,"c3":0.386},{"time":0.4333}]},"Ninja":{"rotate":[{"angle":122.16,"curve":0.371,"c2":0.1,"c3":0.386},{"time":0.2667,"curve":"stepped"},{"time":0.3667,"curve":0.43,"c2":0.11,"c3":0.722,"c4":0.51},{"time":0.4,"angle":1.26,"curve":0.225,"c2":0.43,"c3":0.426},{"time":0.4667,"curve":"stepped"},{"time":1.1667}],"translate":[{"x":-202.98,"y":-276.36,"curve":0.371,"c2":0.1,"c3":0.386},{"time":0.2667,"curve":"stepped"},{"time":0.3667,"curve":"stepped"},{"time":0.4667,"curve":"stepped"},{"time":1.1667}],"scale":[{"x":0.901,"y":0.901,"curve":0.371,"c2":0.1,"c3":0.386},{"time":0.2667,"curve":0.371,"c2":0.1,"c3":0.386},{"time":0.3667,"x":1.099,"y":1.099,"curve":0.43,"c2":0.11,"c3":0.722,"c4":0.51},{"time":0.4,"x":1.044,"y":1.044,"curve":0.225,"c2":0.43,"c3":0.426},{"time":0.4667,"curve":"stepped"},{"time":1.1667}]},"Ninja cross":{"rotate":[{"curve":"stepped"},{"time":0.5667,"curve":"stepped"},{"time":0.6,"curve":"stepped"},{"time":0.6667}],"translate":[{"curve":"stepped"},{"time":0.5667,"curve":"stepped"},{"time":0.6,"curve":"stepped"},{"time":0.6667}],"scale":[{"curve":"stepped"},{"time":0.5667,"curve":0.371,"c2":0.1,"c3":0.386},{"time":0.6,"x":0.207,"curve":0.371,"c2":0.1,"c3":0.386},{"time":0.6667}]},"Knife":{"rotate":[{"time":2.2667,"curve":0.442,"c2":0.1,"c3":0.715,"c4":0.53},{"time":2.3333,"angle":-38.73,"curve":0.216,"c2":0.46,"c3":0.446},{"time":2.4,"angle":-80.73}],"translate":[{"time":2.2667,"curve":0.442,"c2":0.1,"c3":0.715,"c4":0.53},{"time":2.3333,"x":-52.66,"y":3.33,"curve":0.216,"c2":0.46,"c3":0.446},{"time":2.4,"x":-33.96,"y":7.88}],"scale":[{"time":2.2667,"x":1.054,"curve":0.442,"c2":0.1,"c3":0.715,"c4":0.53},{"time":2.3333,"x":0.445,"curve":0.216,"c2":0.46,"c3":0.446},{"time":2.4,"x":0.523}]},"Star":{"rotate":[{"time":2.3333,"curve":0.371,"c2":0.1,"c3":0.386},{"time":2.3667,"angle":7.74,"curve":0.453,"c2":0.09,"c3":0.69,"c4":0.56},{"time":2.4,"curve":"stepped"},{"time":2.4333}],"translate":[{"time":2.3333,"x":-14.19,"y":-9.3,"curve":0.371,"c2":0.1,"c3":0.386},{"time":2.3667,"x":-0.61,"y":3.96,"curve":0.453,"c2":0.09,"c3":0.69,"c4":0.56},{"time":2.4,"x":-4.51,"y":-0.26,"curve":"stepped"},{"time":2.4333,"x":-4.51,"y":-0.26}],"scale":[{"time":2.3333,"x":0.339,"y":0.339,"curve":0.371,"c2":0.1,"c3":0.386},{"time":2.3667,"x":0.235,"y":0.57,"curve":0.453,"c2":0.09,"c3":0.69,"c4":0.56},{"time":2.4,"x":0.305,"y":0.305,"curve":0.371,"c2":0.1,"c3":0.386},{"time":2.4333,"x":0.461,"y":0.461}]},"F":{"rotate":[{"angle":27.47,"curve":"stepped"},{"time":0.4667,"angle":27.47,"curve":0.371,"c2":0.1,"c3":0.386},{"time":0.7,"curve":0.371,"c2":0.1,"c3":0.386},{"time":0.7667,"angle":1.53,"curve":0.371,"c2":0.1,"c3":0.386},{"time":0.8667}],"translate":[{"x":-61.47,"y":72.07,"curve":"stepped"},{"time":0.4667,"x":-61.47,"y":72.07,"curve":0.371,"c2":0.1,"c3":0.386},{"time":0.7,"curve":"stepped"},{"time":0.7667,"curve":"stepped"},{"time":0.8667}],"scale":[{"x":2.063,"y":2.063,"curve":"stepped"},{"time":0.4667,"x":2.063,"y":2.063,"curve":0.371,"c2":0.1,"c3":0.386},{"time":0.7,"curve":0.371,"c2":0.1,"c3":0.386},{"time":0.7667,"x":1.068,"y":1.068,"curve":0.371,"c2":0.1,"c3":0.386},{"time":0.8667}]},"R":{"rotate":[{"angle":27.47,"curve":"stepped"},{"time":0.6333,"angle":27.47,"curve":0.371,"c2":0.1,"c3":0.386},{"time":0.9,"curve":0.371,"c2":0.1,"c3":0.386},{"time":0.9667,"angle":1.53,"curve":0.371,"c2":0.1,"c3":0.386},{"time":1.0667}],"translate":[{"x":-61.47,"y":72.07,"curve":"stepped"},{"time":0.6333,"x":-61.47,"y":72.07,"curve":0.371,"c2":0.1,"c3":0.386},{"time":0.9,"curve":"stepped"},{"time":0.9667,"curve":"stepped"},{"time":1.0667}],"scale":[{"x":2.063,"y":2.063,"curve":"stepped"},{"time":0.6333,"x":2.063,"y":2.063,"curve":0.371,"c2":0.1,"c3":0.386},{"time":0.9,"curve":0.371,"c2":0.1,"c3":0.386},{"time":0.9667,"x":1.068,"y":1.068,"curve":0.371,"c2":0.1,"c3":0.386},{"time":1.0667}]},"U":{"rotate":[{"angle":27.47,"curve":"stepped"},{"time":0.8,"angle":27.47,"curve":0.371,"c2":0.1,"c3":0.386},{"time":1.0667,"curve":0.371,"c2":0.1,"c3":0.386},{"time":1.1333,"angle":1.53,"curve":0.371,"c2":0.1,"c3":0.386},{"time":1.2333}],"translate":[{"x":-61.47,"y":72.07,"curve":"stepped"},{"time":0.8,"x":-61.47,"y":72.07,"curve":0.371,"c2":0.1,"c3":0.386},{"time":1.0667,"curve":"stepped"},{"time":1.1333,"curve":"stepped"},{"time":1.2333}],"scale":[{"x":2.063,"y":2.063,"curve":"stepped"},{"time":0.8,"x":2.063,"y":2.063,"curve":0.371,"c2":0.1,"c3":0.386},{"time":1.0667,"curve":0.371,"c2":0.1,"c3":0.386},{"time":1.1333,"x":1.068,"y":1.068,"curve":0.371,"c2":0.1,"c3":0.386},{"time":1.2333}]},"I":{"rotate":[{"angle":27.47,"curve":"stepped"},{"time":1.0667,"angle":27.47,"curve":0.371,"c2":0.1,"c3":0.386},{"time":1.3333,"curve":0.371,"c2":0.1,"c3":0.386},{"time":1.4,"angle":1.53,"curve":0.371,"c2":0.1,"c3":0.386},{"time":1.5}],"translate":[{"x":-61.47,"y":72.07,"curve":"stepped"},{"time":1.0667,"x":-61.47,"y":72.07,"curve":0.371,"c2":0.1,"c3":0.386},{"time":1.3333,"curve":"stepped"},{"time":1.4,"curve":"stepped"},{"time":1.5}],"scale":[{"x":2.063,"y":2.063,"curve":"stepped"},{"time":1.0667,"x":2.063,"y":2.063,"curve":0.371,"c2":0.1,"c3":0.386},{"time":1.3333,"curve":0.371,"c2":0.1,"c3":0.386},{"time":1.4,"x":1.068,"y":1.068,"curve":0.371,"c2":0.1,"c3":0.386},{"time":1.5}]},"T":{"rotate":[{"angle":27.47,"curve":"stepped"},{"time":1.3333,"angle":27.47,"curve":0.371,"c2":0.1,"c3":0.386},{"time":1.6,"curve":0.371,"c2":0.1,"c3":0.386},{"time":1.6667,"angle":1.53,"curve":0.371,"c2":0.1,"c3":0.386},{"time":1.7667}],"translate":[{"x":-61.47,"y":72.07,"curve":"stepped"},{"time":1.3333,"x":-61.47,"y":72.07,"curve":0.371,"c2":0.1,"c3":0.386},{"time":1.6,"curve":"stepped"},{"time":1.6667,"curve":"stepped"},{"time":1.7667}],"scale":[{"x":2.063,"y":2.063,"curve":"stepped"},{"time":1.3333,"x":2.063,"y":2.063,"curve":0.371,"c2":0.1,"c3":0.386},{"time":1.6,"curve":0.371,"c2":0.1,"c3":0.386},{"time":1.6667,"x":1.068,"y":1.068,"curve":0.371,"c2":0.1,"c3":0.386},{"time":1.7667}]},"Knife3":{"rotate":[{"time":2.4667,"angle":4.6,"curve":0.442,"c2":0.1,"c3":0.715,"c4":0.53},{"time":2.5,"angle":-34.04,"curve":0.216,"c2":0.46,"c3":0.446},{"time":2.5333,"angle":-77.49}],"translate":[{"time":2.4667,"x":5.04,"y":-6.01,"curve":0.442,"c2":0.1,"c3":0.715,"c4":0.53},{"time":2.5,"x":8.52,"y":-5.01,"curve":0.216,"c2":0.46,"c3":0.446},{"time":2.5333,"x":14.32,"y":-13.08}],"scale":[{"time":2.4667,"x":1.288,"curve":0.442,"c2":0.1,"c3":0.715,"c4":0.53},{"time":2.5,"x":0.862,"curve":0.216,"c2":0.46,"c3":0.446},{"time":2.5333,"x":0.868,"y":0.868}]},"Fruit back":{"rotate":[{"curve":"stepped"},{"time":0.5667,"curve":"stepped"},{"time":0.7667,"curve":"stepped"},{"time":0.8667,"curve":"stepped"},{"time":0.9333}],"translate":[{"curve":"stepped"},{"time":0.5667,"curve":"stepped"},{"time":0.7667,"curve":"stepped"},{"time":0.8667,"curve":"stepped"},{"time":0.9333}],"scale":[{"x":0,"y":0,"curve":"stepped"},{"time":0.5667,"x":0,"y":0,"curve":0.371,"c2":0.1,"c3":0.386},{"time":0.7667,"curve":0.371,"c2":0.1,"c3":0.386},{"time":0.8667,"x":0.97,"y":0.97,"curve":0.371,"c2":0.1,"c3":0.386},{"time":0.9333}]},"Slice back":{"rotate":[{"curve":"stepped"},{"time":1.3333,"curve":"stepped"},{"time":1.5333,"curve":"stepped"},{"time":1.6,"curve":"stepped"},{"time":1.7}],"translate":[{"x":-106.88,"y":5.1,"curve":"stepped"},{"time":1.3333,"x":-106.88,"y":5.1,"curve":0.371,"c2":0.1,"c3":0.386},{"time":1.5333,"curve":0.371,"c2":0.1,"c3":0.386},{"time":1.6,"x":-2.61,"y":0.03,"curve":0.371,"c2":0.1,"c3":0.386},{"time":1.7}],"scale":[{"x":0,"y":0,"curve":"stepped"},{"time":1.3333,"x":0,"y":0,"curve":0.371,"c2":0.1,"c3":0.386},{"time":1.5333,"curve":0.371,"c2":0.1,"c3":0.386},{"time":1.6,"x":0.973,"y":0.973,"curve":0.371,"c2":0.1,"c3":0.386},{"time":1.7}]},"Slice":{"rotate":[{"angle":-168.96,"curve":"stepped"},{"time":1.3,"angle":-168.96,"curve":0.371,"c2":0.1,"c3":0.386},{"time":1.5333,"curve":"stepped"},{"time":1.6333,"curve":"stepped"},{"time":1.7333}],"translate":[{"x":80.29,"y":-4.04,"curve":"stepped"},{"time":1.3,"x":80.29,"y":-4.04,"curve":0.371,"c2":0.1,"c3":0.386},{"time":1.5333,"curve":"stepped"},{"time":1.6333,"curve":"stepped"},{"time":1.7333}],"scale":[{"x":0,"y":0,"curve":"stepped"},{"time":1.3,"x":0,"y":0,"curve":0.371,"c2":0.1,"c3":0.386},{"time":1.5333,"curve":0.371,"c2":0.1,"c3":0.386},{"time":1.6333,"x":0.909,"y":0.949,"curve":0.371,"c2":0.1,"c3":0.386},{"time":1.7333}]},"rays-2":{"rotate":[{"curve":"stepped"},{"time":1.6333,"curve":"stepped"},{"time":1.8333}],"translate":[{"curve":"stepped"},{"time":1.6333,"curve":"stepped"},{"time":1.8333}],"scale":[{"x":0,"y":0,"curve":"stepped"},{"time":1.6333,"x":0,"y":0,"curve":0.371,"c2":0.1,"c3":0.386},{"time":1.8333}]},"rays-1":{"rotate":[{"curve":"stepped"},{"time":1.6333,"curve":"stepped"},{"time":1.8333}],"translate":[{"curve":"stepped"},{"time":1.6333,"curve":"stepped"},{"time":1.8333}],"scale":[{"x":0,"y":0,"curve":"stepped"},{"time":1.6333,"x":0,"y":0,"curve":0.371,"c2":0.1,"c3":0.386},{"time":1.8333}]},"rays-4":{"rotate":[{"curve":"stepped"},{"time":1.6333,"curve":"stepped"},{"time":1.8333}],"translate":[{"curve":"stepped"},{"time":1.6333,"curve":"stepped"},{"time":1.8333}],"scale":[{"x":0,"y":0,"curve":"stepped"},{"time":1.6333,"x":0,"y":0,"curve":0.371,"c2":0.1,"c3":0.386},{"time":1.8333}]},"rays-3":{"rotate":[{"curve":"stepped"},{"time":1.6333,"curve":"stepped"},{"time":1.8333}],"translate":[{"curve":"stepped"},{"time":1.6333,"curve":"stepped"},{"time":1.8333}],"scale":[{"x":0,"y":0,"curve":"stepped"},{"time":1.6333,"x":0,"y":0,"curve":0.371,"c2":0.1,"c3":0.386},{"time":1.8333}]},"Bomb":{"rotate":[{"curve":"stepped"},{"time":1.6333,"curve":"stepped"},{"time":1.8333}],"translate":[{"x":117.59,"y":-181.87,"curve":"stepped"},{"time":1.6333,"x":117.59,"y":-181.87,"curve":0.371,"c2":0.1,"c3":0.386},{"time":1.8333}],"scale":[{"x":0,"y":0,"curve":"stepped"},{"time":1.6333,"x":0,"y":0,"curve":0.371,"c2":0.1,"c3":0.386},{"time":1.8333}]},"Orange top":{"rotate":[{"curve":"stepped"},{"time":1.6333,"curve":"stepped"},{"time":1.8333}],"translate":[{"x":117.59,"y":-181.87,"curve":"stepped"},{"time":1.6333,"x":117.59,"y":-181.87,"curve":0.371,"c2":0.1,"c3":0.386},{"time":1.8333}],"scale":[{"x":0,"y":0,"curve":"stepped"},{"time":1.6333,"x":0,"y":0,"curve":0.371,"c2":0.1,"c3":0.386},{"time":1.8333}]},"Watermelon bottom":{"rotate":[{"curve":"stepped"},{"time":1.6333,"curve":"stepped"},{"time":1.8333}],"translate":[{"x":117.59,"y":-181.87,"curve":"stepped"},{"time":1.6333,"x":117.59,"y":-181.87,"curve":0.371,"c2":0.1,"c3":0.386},{"time":1.8333}],"scale":[{"x":0,"y":0,"curve":"stepped"},{"time":1.6333,"x":0,"y":0,"curve":0.371,"c2":0.1,"c3":0.386},{"time":1.8333}]},"Orange bottom":{"rotate":[{"curve":"stepped"},{"time":1.6333,"curve":"stepped"},{"time":1.8333}],"translate":[{"x":117.59,"y":-181.87,"curve":"stepped"},{"time":1.6333,"x":117.59,"y":-181.87,"curve":0.371,"c2":0.1,"c3":0.386},{"time":1.8333}],"scale":[{"x":0,"y":0,"curve":"stepped"},{"time":1.6333,"x":0,"y":0,"curve":0.371,"c2":0.1,"c3":0.386},{"time":1.8333}]},"Watermelon":{"rotate":[{"curve":"stepped"},{"time":1.7333,"curve":"stepped"},{"time":1.9333,"curve":"stepped"},{"time":2,"curve":"stepped"},{"time":2.0667,"curve":"stepped"},{"time":2.1667}],"translate":[{"curve":"stepped"},{"time":1.7333,"curve":"stepped"},{"time":1.9333,"curve":"stepped"},{"time":2,"curve":"stepped"},{"time":2.0667,"curve":"stepped"},{"time":2.1667}],"scale":[{"x":0,"y":0,"curve":"stepped"},{"time":1.7333,"x":0,"y":0,"curve":0.371,"c2":0.1,"c3":0.386},{"time":1.9333,"curve":0.371,"c2":0.1,"c3":0.386},{"time":2,"x":0.929,"y":0.929,"curve":0.371,"c2":0.1,"c3":0.386},{"time":2.0667,"curve":"stepped"},{"time":2.1667}]},"Knife2":{"rotate":[{"time":2,"angle":56.35,"curve":"stepped"},{"time":2.1,"angle":56.35,"curve":0.449,"c2":0.09,"c3":0.611,"c4":0.64},{"time":2.1667,"angle":23.32,"curve":0.238,"c2":0.58,"c3":0.545},{"time":2.2,"angle":-5.83}],"translate":[{"time":2,"curve":"stepped"},{"time":2.1,"curve":"stepped"},{"time":2.2}],"scale":[{"time":2,"x":0,"y":0,"curve":0.371,"c2":0.1,"c3":0.386},{"time":2.1,"curve":"stepped"},{"time":2.2}]},"Star2":{"rotate":[{"time":2,"curve":0.371,"c2":0.1,"c3":0.386},{"time":2.2,"angle":-48.37,"curve":"stepped"},{"time":2.2333,"angle":-48.37}],"translate":[{"time":2,"curve":"stepped"},{"time":2.2,"curve":0.371,"c2":0.1,"c3":0.386},{"time":2.2333,"x":-39.44,"y":-0.35}],"scale":[{"time":2,"curve":0.371,"c2":0.1,"c3":0.386},{"time":2.2,"x":0.84,"y":0.84,"curve":0.371,"c2":0.1,"c3":0.386},{"time":2.2333,"x":0.213,"y":0.213}]},"Watermelon top":{"rotate":[{"time":2.1667,"curve":"stepped"},{"time":2.2667}],"translate":[{"time":2.1667,"curve":0.371,"c2":0.1,"c3":0.386},{"time":2.2667,"x":160.75,"y":-25.68}],"scale":[{"time":2.1667,"curve":"stepped"},{"time":2.2667}]},"F-Cross":{"rotate":[{"curve":"stepped"},{"time":2.3667,"curve":"stepped"},{"time":2.4333}],"translate":[{"curve":"stepped"},{"time":2.3667,"curve":"stepped"},{"time":2.4333}],"scale":[{"curve":"stepped"},{"time":2.3667,"curve":"stepped"},{"time":2.4333}]},"T-Cross":{"rotate":[{"curve":"stepped"},{"time":2.4667,"curve":"stepped"},{"time":2.5333}],"translate":[{"curve":"stepped"},{"time":2.4667,"curve":"stepped"},{"time":2.5333}],"scale":[{"curve":"stepped"},{"time":2.4667,"curve":"stepped"},{"time":2.5333}]},"Knife4":{"rotate":[{"time":0.5,"angle":-29.23,"curve":0.442,"c2":0.1,"c3":0.715,"c4":0.53},{"time":0.5667,"angle":-50.34,"curve":0.216,"c2":0.46,"c3":0.446},{"time":0.6,"angle":-67.35,"curve":0.216,"c2":0.46,"c3":0.446},{"time":0.6667,"angle":-114.54}],"translate":[{"time":0.5,"x":-19.93,"y":55.78,"curve":0.442,"c2":0.1,"c3":0.715,"c4":0.53},{"time":0.5667,"x":-40.14,"y":34.39,"curve":0.216,"c2":0.46,"c3":0.446},{"time":0.6,"x":-53.2,"y":23.88,"curve":0.216,"c2":0.46,"c3":0.446},{"time":0.6667,"x":-33.96,"y":7.88}],"scale":[{"time":0.5,"x":0.649,"y":0.723,"curve":0.442,"c2":0.1,"c3":0.715,"c4":0.53},{"time":0.5667,"x":0.781,"y":0.829,"curve":0.31,"c2":0.33,"c3":0.627,"c4":0.68},{"time":0.6,"x":0.877,"y":0.894,"curve":0.226,"c2":0.55,"c3":0.519},{"time":0.6667}]},"Star4":{"rotate":[{"time":0.4333,"angle":-51.46,"curve":0.371,"c2":0.1,"c3":0.386},{"time":0.5333,"curve":"stepped"},{"time":0.6,"curve":"stepped"},{"time":0.6667}],"translate":[{"time":0.4333,"curve":"stepped"},{"time":0.5333,"curve":0.371,"c2":0.1,"c3":0.386},{"time":0.6,"x":-1.58,"y":0.5,"curve":0.371,"c2":0.1,"c3":0.386},{"time":0.6667,"x":-14.19,"y":-9.3}],"scale":[{"time":0.4333,"x":0,"y":0,"curve":0.371,"c2":0.1,"c3":0.386},{"time":0.5333,"curve":0.371,"c2":0.1,"c3":0.386},{"time":0.6,"x":0.573,"y":0.573,"curve":0.371,"c2":0.1,"c3":0.386},{"time":0.6667,"x":0.339,"y":0.339}]},"Shadow":{"rotate":[{"time":1.8333,"curve":"stepped"},{"time":2.0333}],"translate":[{"time":1.8333,"curve":"stepped"},{"time":2.0333}],"scale":[{"time":1.8333,"curve":"stepped"},{"time":2.0333}]},"Splsh":{"rotate":[{"curve":"stepped"},{"time":2.1667,"curve":"stepped"},{"time":2.2667,"curve":"stepped"},{"time":2.3333}],"translate":[{"x":545.48,"y":-548.2,"curve":"stepped"},{"time":2.1667,"x":545.48,"y":-548.2,"curve":"stepped"},{"time":2.2667,"x":545.48,"y":-548.2,"curve":"stepped"},{"time":2.3333,"x":545.48,"y":-548.2}],"scale":[{"x":0,"y":0,"curve":"stepped"},{"time":2.1667,"x":0,"y":0,"curve":0.371,"c2":0.1,"c3":0.386},{"time":2.2667,"curve":0.371,"c2":0.1,"c3":0.386},{"time":2.3333,"x":0,"y":0}]},"Knifee":{"rotate":[{"curve":"stepped"},{"time":0.4333,"curve":0.371,"c2":0.1,"c3":0.386},{"time":0.4667,"angle":-6.8,"curve":0.453,"c2":0.09,"c3":0.69,"c4":0.56},{"time":0.5667,"angle":-27.07,"curve":0.453,"c2":0.09,"c3":0.69,"c4":0.56},{"time":0.6333,"angle":-80.66,"curve":0.453,"c2":0.09,"c3":0.69,"c4":0.56},{"time":0.6667,"angle":-94.22,"curve":0.453,"c2":0.09,"c3":0.69,"c4":0.56},{"time":2,"angle":-127.85,"curve":"stepped"},{"time":2.0667,"angle":-127.85,"curve":0.453,"c2":0.09,"c3":0.69,"c4":0.56},{"time":2.1667,"angle":-158.04,"curve":0.371,"c2":0.1,"c3":0.386},{"time":2.2,"angle":174.34,"curve":"stepped"},{"time":2.2667,"angle":174.34}],"translate":[{"curve":"stepped"},{"time":0.4333,"curve":0.371,"c2":0.1,"c3":0.386},{"time":0.4667,"x":33.82,"y":69.62,"curve":0.277,"c2":0.3,"c3":0.391},{"time":0.5667,"x":22.31,"y":61.37,"curve":"stepped"},{"time":0.6333,"x":22.31,"y":61.37,"curve":0.277,"c2":0.3,"c3":0.391},{"time":0.6667,"x":33.82,"y":69.62,"curve":0.277,"c2":0.3,"c3":0.391},{"time":2,"x":198.87,"y":-97.39,"curve":"stepped"},{"time":2.0667,"x":198.87,"y":-97.39,"curve":0.277,"c2":0.3,"c3":0.391},{"time":2.1667,"x":204.43,"y":-79.49,"curve":"stepped"},{"time":2.2,"x":204.43,"y":-79.49,"curve":"stepped"},{"time":2.2667,"x":204.43,"y":-79.49}],"scale":[{"curve":"stepped"},{"time":0.4333,"curve":0.371,"c2":0.1,"c3":0.386},{"time":0.4667,"x":0.622,"y":0.637,"curve":"stepped"},{"time":0.5667,"x":0.622,"y":0.637,"curve":0.453,"c2":0.09,"c3":0.69,"c4":0.56},{"time":0.6333,"x":0.689,"y":0.705,"curve":0.453,"c2":0.09,"c3":0.69,"c4":0.56},{"time":0.6667,"x":0.781,"y":0.8,"curve":0.453,"c2":0.09,"c3":0.69,"c4":0.56},{"time":2,"x":0,"y":0,"curve":0.453,"c2":0.09,"c3":0.69,"c4":0.56},{"time":2.0667,"x":0.481,"y":0.488,"curve":0.453,"c2":0.09,"c3":0.69,"c4":0.56},{"time":2.1667,"x":0.664,"y":0.508,"curve":"stepped"},{"time":2.2,"x":0.664,"y":0.508,"curve":"stepped"},{"time":2.2667,"x":0.664,"y":0.508}],"shear":[{"curve":"stepped"},{"time":0.4333}]}}},"loop":{"slots":{"Leaf2":{"attachment":[{"name":null}]},"Star3":{"attachment":[{"name":null}]},"Watermelon":{"attachment":[{"name":null},{"time":0.6667,"name":null},{"time":1.3333,"name":null}]},"Knife2":{"attachment":[{"name":null}]},"Star":{"attachment":[{"name":null}]},"Watermelon top":{"attachment":[{"name":null}]},"Knife4":{"attachment":[{"name":null}]},"bg":{"attachment":[{"name":null}]},"Star4":{"attachment":[{"name":null}]},"4":{"attachment":[{"name":null}]},"Leaf":{"attachment":[{"name":null}]},"rays-2":{"color":[{"color":"ffffff77","curve":0.371,"c2":0.1,"c3":0.386},{"time":0.6667,"color":"ffffffb2","curve":0.371,"c2":0.1,"c3":0.386},{"time":1.3333,"color":"ffffff77"}]},"Knife3":{"attachment":[{"name":null}]},"Knife":{"attachment":[{"name":null}]},"rays-4":{"color":[{"time":0.6667,"color":"ffffffff"}]},"Star2":{"attachment":[{"name":null}]}},"bones":{"Splsh":{"translate":[{"x":3.3,"y":-0.04}]},"Watermelon":{"rotate":[{"curve":0.371,"c2":0.1,"c3":0.386},{"time":0.6667,"angle":6.07,"curve":0.371,"c2":0.1,"c3":0.386},{"time":1.3333}],"translate":[{"curve":"stepped"},{"time":0.6667,"curve":"stepped"},{"time":1.3333}],"scale":[{"curve":"stepped"},{"time":0.6667,"curve":"stepped"},{"time":1.3333}]},"Watermelon top":{"rotate":[{"curve":0.371,"c2":0.1,"c3":0.386},{"time":0.6667,"angle":6.07,"curve":0.371,"c2":0.1,"c3":0.386},{"time":1.3333}],"translate":[{"curve":"stepped"},{"time":0.6667,"curve":"stepped"},{"time":1.3333}],"scale":[{"curve":"stepped"},{"time":0.6667,"curve":"stepped"},{"time":1.3333}]},"Ninja back":{"rotate":[{"curve":"stepped"},{"time":0.6667,"curve":"stepped"},{"time":1.3333}],"translate":[{"curve":"stepped"},{"time":0.6667,"curve":"stepped"},{"time":1.3333}],"scale":[{"curve":0.371,"c2":0.1,"c3":0.386},{"time":0.6667,"x":0.955,"y":0.955,"curve":0.371,"c2":0.1,"c3":0.386},{"time":1.3333}]},"Ninja":{"rotate":[{"curve":"stepped"},{"time":0.6667,"curve":"stepped"},{"time":1.3333}],"translate":[{"curve":"stepped"},{"time":0.6667,"curve":"stepped"},{"time":1.3333}],"scale":[{"curve":0.371,"c2":0.1,"c3":0.386},{"time":0.6667,"x":0.955,"y":0.955,"curve":0.371,"c2":0.1,"c3":0.386},{"time":1.3333}]},"Fruit back":{"rotate":[{"curve":"stepped"},{"time":0.6667,"curve":"stepped"},{"time":1.3333}],"translate":[{"curve":"stepped"},{"time":0.6667,"curve":"stepped"},{"time":1.3333}],"scale":[{"curve":0.371,"c2":0.1,"c3":0.386},{"time":0.6667,"y":1.057,"curve":0.371,"c2":0.1,"c3":0.386},{"time":1.3333}]},"Fruit main":{"rotate":[{"curve":"stepped"},{"time":0.6667,"curve":"stepped"},{"time":1.3333}],"translate":[{"curve":"stepped"},{"time":0.6667,"curve":"stepped"},{"time":1.3333}],"scale":[{"curve":0.371,"c2":0.1,"c3":0.386},{"time":0.6667,"y":1.057,"curve":0.371,"c2":0.1,"c3":0.386},{"time":1.3333}]},"F":{"rotate":[{"curve":0.371,"c2":0.1,"c3":0.386},{"time":0.6667,"angle":3.44,"curve":0.371,"c2":0.1,"c3":0.386},{"time":1.3333}],"translate":[{"curve":"stepped"},{"time":0.6667,"curve":"stepped"},{"time":1.3333}],"scale":[{"curve":"stepped"},{"time":0.6667,"curve":"stepped"},{"time":1.3333}]},"R":{"rotate":[{"curve":0.371,"c2":0.1,"c3":0.386},{"time":0.6667,"angle":0.89,"curve":0.371,"c2":0.1,"c3":0.386},{"time":1.3333}],"translate":[{"curve":"stepped"},{"time":0.6667,"curve":"stepped"},{"time":1.3333}],"scale":[{"curve":"stepped"},{"time":0.6667,"curve":"stepped"},{"time":1.3333}]},"I":{"rotate":[{"curve":0.371,"c2":0.1,"c3":0.386},{"time":0.6667,"angle":6.11,"curve":0.371,"c2":0.1,"c3":0.386},{"time":1.3333}],"translate":[{"curve":"stepped"},{"time":0.6667,"curve":"stepped"},{"time":1.3333}],"scale":[{"curve":"stepped"},{"time":0.6667,"curve":"stepped"},{"time":1.3333}]},"U":{"rotate":[{"curve":0.371,"c2":0.1,"c3":0.386},{"time":0.6667,"angle":2.84,"curve":0.371,"c2":0.1,"c3":0.386},{"time":1.3333}],"translate":[{"curve":"stepped"},{"time":0.6667,"curve":"stepped"},{"time":1.3333}],"scale":[{"curve":"stepped"},{"time":0.6667,"curve":"stepped"},{"time":1.3333}]},"T":{"rotate":[{"curve":0.371,"c2":0.1,"c3":0.386},{"time":0.6667,"angle":5.49,"curve":0.371,"c2":0.1,"c3":0.386},{"time":1.3333}],"translate":[{"curve":"stepped"},{"time":0.6667,"curve":"stepped"},{"time":1.3333}],"scale":[{"curve":"stepped"},{"time":0.6667,"curve":"stepped"},{"time":1.3333}]},"Slice":{"rotate":[{"curve":0.371,"c2":0.1,"c3":0.386},{"time":0.6667,"angle":-2.45,"curve":0.371,"c2":0.1,"c3":0.386},{"time":1.3333}],"translate":[{"curve":"stepped"},{"time":0.6667,"curve":"stepped"},{"time":1.3333}],"scale":[{"curve":"stepped"},{"time":0.6667,"curve":"stepped"},{"time":1.3333}]},"Slice back":{"rotate":[{"curve":0.371,"c2":0.1,"c3":0.386},{"time":0.6667,"angle":-2.45,"curve":0.371,"c2":0.1,"c3":0.386},{"time":1.3333}],"translate":[{"curve":"stepped"},{"time":0.6667,"curve":"stepped"},{"time":1.3333}],"scale":[{"curve":"stepped"},{"time":0.6667,"curve":"stepped"},{"time":1.3333}]},"rays-2":{"rotate":[{"curve":"stepped"},{"time":0.6667,"curve":"stepped"},{"time":1.3333}],"translate":[{"curve":"stepped"},{"time":0.6667,"curve":"stepped"},{"time":1.3333}],"scale":[{"curve":"stepped"},{"time":0.6667,"curve":"stepped"},{"time":1.3333}]},"rays-3":{"rotate":[{"curve":"stepped"},{"time":0.6667,"curve":"stepped"},{"time":1.3333}],"translate":[{"curve":"stepped"},{"time":0.6667,"curve":"stepped"},{"time":1.3333}],"scale":[{"curve":"stepped"},{"time":0.6667,"curve":"stepped"},{"time":1.3333}]},"rays-1":{"rotate":[{"curve":"stepped"},{"time":0.6667,"curve":"stepped"},{"time":1.3333}],"translate":[{"curve":"stepped"},{"time":0.6667,"curve":"stepped"},{"time":1.3333}],"scale":[{"curve":"stepped"},{"time":0.6667,"curve":"stepped"},{"time":1.3333}]},"rays-4":{"rotate":[{"curve":"stepped"},{"time":0.6667,"curve":"stepped"},{"time":1.3333}],"translate":[{"curve":"stepped"},{"time":0.6667,"curve":"stepped"},{"time":1.3333}],"scale":[{"curve":"stepped"},{"time":0.6667,"curve":"stepped"},{"time":1.3333}]},"Bomb":{"rotate":[{"curve":0.371,"c2":0.1,"c3":0.386},{"time":0.6667,"angle":7.28,"curve":0.371,"c2":0.1,"c3":0.386},{"time":1.3333}],"translate":[{"curve":"stepped"},{"time":0.6667,"curve":"stepped"},{"time":1.3333}],"scale":[{"curve":0.371,"c2":0.1,"c3":0.386},{"time":0.6667,"x":0.985,"y":0.985,"curve":0.371,"c2":0.1,"c3":0.386},{"time":1.3333}]},"Orange top":{"rotate":[{"curve":0.371,"c2":0.1,"c3":0.386},{"time":0.6667,"angle":7.28,"curve":0.371,"c2":0.1,"c3":0.386},{"time":1.3333}],"translate":[{"curve":"stepped"},{"time":0.6667,"curve":"stepped"},{"time":1.3333}],"scale":[{"curve":0.371,"c2":0.1,"c3":0.386},{"time":0.6667,"x":0.985,"y":0.985,"curve":0.371,"c2":0.1,"c3":0.386},{"time":1.3333}]},"Watermelon bottom":{"rotate":[{"curve":0.371,"c2":0.1,"c3":0.386},{"time":0.6667,"angle":-8.65,"curve":0.371,"c2":0.1,"c3":0.386},{"time":1.3333}],"translate":[{"curve":"stepped"},{"time":0.6667,"curve":"stepped"},{"time":1.3333}],"scale":[{"curve":0.371,"c2":0.1,"c3":0.386},{"time":0.6667,"x":0.985,"y":0.985,"curve":0.371,"c2":0.1,"c3":0.386},{"time":1.3333}]},"Orange bottom":{"rotate":[{"curve":0.371,"c2":0.1,"c3":0.386},{"time":0.6667,"angle":-9.2,"curve":0.371,"c2":0.1,"c3":0.386},{"time":1.3333}],"translate":[{"curve":0.371,"c2":0.1,"c3":0.386},{"time":0.6667,"x":-6.61,"y":0.9,"curve":0.371,"c2":0.1,"c3":0.386},{"time":1.3333}],"scale":[{"curve":0.371,"c2":0.1,"c3":0.386},{"time":0.6667,"x":0.985,"y":0.985,"curve":0.371,"c2":0.1,"c3":0.386},{"time":1.3333}]}}}}}