[{"r": 5, "c": 7, "g": [0, [0, 1, 0, 0], [0, 1, 0, 0], [0, 1, 0, 0], [0, 1, 0, 0], [0, 1, 0, 0], 0, [0, 1, 0, 0], [0, 1, 0, 0], [0, 1, 0, 0], [0, 1, 0, 0], [0, 1, 0, 0], [0, 1, 0, 0], [0, 1, 0, 0], [0, 1, 0, 0], [0, 1, 0, 0], [7, 1, 0, 0], [0, 1, 0, 0], [7, 1, 0, 0], [0, 1, 0, 0], [0, 1, 0, 0], [0, 1, 0, 0], [0, 1, 0, 0], [0, 1, 0, 0], [0, 1, 0, 0], [0, 1, 0, 0], [0, 1, 0, 0], [0, 1, 0, 0], 0, [0, 1, 0, 0], [0, 1, 0, 0], [0, 1, 0, 0], [0, 1, 0, 0], [0, 1, 0, 0], 0], "f": 4, "m": 15, "t": [-1, -1, -1, -1, -1, -1, -1, -1, -1, -1, -1, -1, -1, -1]}, {"r": 6, "c": 7, "g": [[4, 2, 0, 0], [4, 2, 0, 0], [0, 1, 0, 0], [0, 1, 0, 0], [0, 1, 0, 0], [4, 2, 0, 0], [4, 2, 0, 0], 0, [7, 1, 0, 0], [7, 1, 0, 0], [0, 1, 0, 0], [7, 1, 0, 0], [7, 1, 0, 0], 0, 0, [7, 1, 0, 0], [0, 1, 0, 0], [0, 1, 0, 0], [0, 1, 0, 0], [7, 1, 0, 0], 0, 0, [4, 2, 0, 0], [0, 1, 0, 0], [0, 1, 0, 0], [0, 1, 0, 0], [4, 2, 0, 0], 0, 0, [3, 1, 0, 0], [0, 1, 0, 0], [0, 1, 0, 0], [0, 1, 0, 0], [3, 1, 0, 0], 0, 0, [3, 2, 0, 0], [3, 1, 0, 0], [4, 2, 0, 0], [3, 1, 0, 0], [3, 2, 0, 0], 0], "f": 4, "m": 15, "t": [-1, -1, -1, -1, -1, -1, -1, -1, -1, -1, -1, -1, -1, -1]}, {"r": 6, "c": 6, "g": [0, [0, 1, 0, 0], [0, 1, 0, 0], [0, 1, 0, 0], [0, 1, 0, 0], 0, [4, 2, 0, 0], [0, 1, 0, 0], [0, 1, 0, 0], [0, 1, 0, 0], [0, 1, 0, 0], [4, 2, 0, 0], [4, 2, 0, 0], [7, 1, 0, 0], [0, 1, 0, 0], [0, 1, 0, 0], [7, 1, 0, 0], [4, 2, 0, 0], [4, 2, 0, 0], [7, 1, 0, 0], [0, 1, 0, 0], [0, 1, 0, 0], [7, 1, 0, 0], [4, 2, 0, 0], [4, 2, 0, 0], [0, 1, 0, 0], [0, 1, 0, 0], [0, 1, 0, 0], [0, 1, 0, 0], [4, 2, 0, 0], 0, [0, 1, 0, 0], [0, 1, 0, 0], [0, 1, 0, 0], [0, 1, 0, 0], 0], "f": 4, "m": 15, "t": [-1, -1, -1, -1, -1, -1, -1, -1, -1, -1, -1, -1, -1, -1]}, {"r": 7, "c": 7, "g": [[0, 1, 0, 0], [0, 1, 0, 0], [0, 1, 0, 0], [0, 1, 0, 0], [0, 1, 0, 0], [0, 1, 0, 0], [0, 1, 0, 0], 0, [0, 1, 0, 0], [0, 1, 0, 0], [0, 1, 0, 0], [0, 1, 0, 0], [0, 1, 0, 0], 0, [0, 1, 0, 0], [0, 1, 0, 0], 0, [0, 1, 0, 0], 0, [0, 1, 0, 0], [0, 1, 0, 0], [7, 1, 0, 0], [0, 1, 0, 0], [0, 1, 0, 0], [0, 1, 0, 0], [0, 1, 0, 0], [0, 1, 0, 0], [7, 1, 0, 0], [7, 1, 0, 0], [0, 1, 0, 0], [0, 1, 0, 0], [0, 1, 0, 0], [0, 1, 0, 0], [0, 1, 0, 0], [7, 1, 0, 0], [7, 1, 0, 0], [0, 1, 0, 0], [0, 1, 0, 0], [0, 1, 0, 0], [0, 1, 0, 0], [0, 1, 0, 0], [7, 1, 0, 0], [7, 1, 0, 0], [0, 1, 0, 0], [0, 1, 0, 0], [0, 1, 0, 0], [0, 1, 0, 0], [0, 1, 0, 0], [7, 1, 0, 0]], "f": 4, "m": 29, "t": [-1, -1, -1, -1, -1, -1, -1, -1, -1, -1, -1, -1, -1, -1]}, {"r": 6, "c": 8, "g": [0, [0, 1, 0, 0], [0, 1, 0, 0], [0, 1, 0, 0], [0, 1, 0, 0], [0, 1, 0, 0], [0, 1, 0, 0], 0, 0, [0, 1, 0, 0], [0, 1, 0, 0], [0, 1, 0, 0], [0, 1, 0, 0], [0, 1, 0, 0], [0, 1, 0, 0], 0, [7, 1, 0, 0], [0, 1, 0, 0], [0, 1, 0, 0], [0, 1, 0, 0], [0, 1, 0, 0], [0, 1, 0, 0], [0, 1, 0, 0], [7, 1, 0, 0], [7, 1, 0, 0], [0, 1, 0, 0], [0, 1, 0, 0], [0, 1, 0, 0], [0, 1, 0, 0], [0, 1, 0, 0], [0, 1, 0, 0], [7, 1, 0, 0], 0, [0, 1, 0, 0], [0, 1, 0, 0], [0, 1, 0, 0], [0, 1, 0, 0], [0, 1, 0, 0], [0, 1, 0, 0], 0, 0, [0, 1, 0, 0], [0, 1, 0, 0], [0, 1, 0, 0], [0, 1, 0, 0], [0, 1, 0, 0], [0, 1, 0, 0], 0], "f": 4, "m": 15, "t": [-1, -1, -1, -1, -1, -1, -1, -1, -1, -1, -1, -1, -1, -1]}]