{
"skeleton": { "hash": "CfLretdaBYU", "spine": "3.8-from-4.0-from-4.1.23", "images": "./images/", "audio": "C:/Users/Endra Andoyo/Desktop/Kerjaan/Etsy/youtube frog" },
"bones": [
	{ "name": "root" },
	{ "name": "bone2", "parent": "root", "length": 80.87, "rotation": -1.29, "x": -4.61, "y": 6.29 },
	{ "name": "bone", "parent": "bone2", "rotation": 1.29, "x": -5.9, "y": 100.72 },
	{ "name": "bone3", "parent": "bone2", "rotation": 1.29, "x": -162.2, "y": 209.33 },
	{ "name": "bone4", "parent": "bone2", "rotation": 1.29, "x": -29.65, "y": 284.73 },
	{ "name": "bone5", "parent": "bone2", "rotation": 1.29, "x": 161.68, "y": 227.66 },
	{ "name": "bone6", "parent": "bone2", "rotation": 1.29, "x": 248.6, "y": 103.9 },
	{ "name": "bone7", "parent": "bone2", "rotation": 1.29, "x": -256.93, "y": 91.55 },
	{ "name": "bone8", "parent": "bone2", "rotation": 1.29, "x": 223.82, "y": -74.36 },
	{ "name": "bone9", "parent": "bone2", "rotation": 1.29, "x": 3.99, "y": -204.45 },
	{ "name": "bone10", "parent": "bone2", "rotation": 1.29, "x": -160.92, "y": -105.53 }
],
"slots": [
	{ "name": "efek 1", "bone": "bone" },
	{ "name": "star", "bone": "bone3" },
	{ "name": "star2", "bone": "bone4" },
	{ "name": "star3", "bone": "bone5" },
	{ "name": "star4", "bone": "bone6" },
	{ "name": "star6", "bone": "bone8" },
	{ "name": "star7", "bone": "bone9" },
	{ "name": "star8", "bone": "bone10" },
	{ "name": "star5", "bone": "bone7" }
],
"skins": [
	{
		"name": "default",
		"attachments": {
			"efek 1": {
				"efek 1": { "x": 0.46, "y": -0.7, "width": 180, "height": 180 }
			},
			"star": {
				"star": { "x": 0.46, "y": 0.84, "width": 102, "height": 98 }
			},
			"star2": {
				"star": { "x": 0.46, "y": 0.84, "width": 102, "height": 98 }
			},
			"star3": {
				"star": { "x": 0.46, "y": 0.84, "width": 102, "height": 98 }
			},
			"star4": {
				"star": { "x": 0.46, "y": 0.84, "width": 102, "height": 98 }
			},
			"star5": {
				"star": { "x": 0.46, "y": 0.84, "width": 102, "height": 98 }
			},
			"star6": {
				"star": { "x": 0.46, "y": 0.84, "width": 102, "height": 98 }
			},
			"star7": {
				"star": { "x": 0.46, "y": 0.84, "width": 102, "height": 98 }
			},
			"star8": {
				"star": { "x": 0.46, "y": 0.84, "width": 102, "height": 98 }
			}
		}
	}
],
"animations": {
	"animation": {
		"slots": {
			"efek 1": {
				"color": [
					{ "color": "ffffffff", "curve": "stepped" },
					{ "time": 0.1667, "color": "ffffffff" },
					{ "time": 0.3333, "color": "ffffff00" }
				],
				"attachment": [
					{ "name": "efek 1" }
				]
			},
			"star": {
				"attachment": [
					{ "name": "star" }
				]
			},
			"star2": {
				"attachment": [
					{ "name": "star" }
				]
			},
			"star3": {
				"attachment": [
					{ "name": "star" }
				]
			},
			"star4": {
				"attachment": [
					{ "name": "star" }
				]
			},
			"star5": {
				"attachment": [
					{ "name": "star" }
				]
			},
			"star6": {
				"attachment": [
					{ "name": "star" }
				]
			},
			"star7": {
				"attachment": [
					{ "name": "star" }
				]
			},
			"star8": {
				"attachment": [
					{ "name": "star" }
				]
			}
		},
		"bones": {
			"bone": {
				"scale": [
					{ "x": 0.791, "y": 0.791 },
					{ "time": 0.3333, "x": 3.495, "y": 3.495 }
				]
			},
			"bone3": {
				"rotate": [
					{},
					{ "time": 0.6667, "angle": 132.83 }
				],
				"translate": [
					{ "x": 155.21, "y": -107.79 },
					{ "time": 0.6667, "x": -72.53, "y": 44.3 }
				],
				"scale": [
					{ "curve": "stepped" },
					{ "time": 0.1667 },
					{ "time": 0.6667, "x": 0, "y": 0 }
				]
			},
			"bone4": {
				"rotate": [
					{},
					{ "time": 0.6667, "angle": -130.45 }
				],
				"translate": [
					{ "x": 24.45, "y": -184.04 },
					{ "time": 0.6667, "x": 19.78, "y": 63.15 }
				],
				"scale": [
					{ "curve": "stepped" },
					{ "time": 0.1667 },
					{ "time": 0.6667, "x": 0, "y": 0 }
				]
			},
			"bone5": {
				"rotate": [
					{},
					{ "time": 0.6667, "angle": -109.3 }
				],
				"translate": [
					{ "x": -167.9, "y": -126 },
					{ "time": 0.6667, "x": 76.03, "y": 26.8 }
				],
				"scale": [
					{ "curve": "stepped" },
					{ "time": 0.1667 },
					{ "time": 0.6667, "x": 0, "y": 0 }
				]
			},
			"bone6": {
				"rotate": [
					{},
					{ "time": 0.6667, "angle": 191.11 }
				],
				"translate": [
					{ "x": -257.69, "y": 0.09 },
					{ "time": 0.6667, "x": 38.85, "y": 7.16 }
				],
				"scale": [
					{ "curve": "stepped" },
					{ "time": 0.1667 },
					{ "time": 0.6667, "x": 0, "y": 0 }
				]
			},
			"bone7": {
				"rotate": [
					{},
					{ "time": 0.6667, "angle": 164.95 }
				],
				"translate": [
					{ "x": 248.68, "y": 13.03 },
					{ "time": 0.6667, "x": -71.21, "y": 7.22 }
				],
				"scale": [
					{ "curve": "stepped" },
					{ "time": 0.1667 },
					{ "time": 0.6667, "x": 0, "y": 0 }
				]
			},
			"bone8": {
				"rotate": [
					{},
					{ "time": 0.6667, "angle": -139.55 }
				],
				"translate": [
					{ "x": -231.75, "y": 182.14 },
					{ "time": 0.6667, "x": 33.25, "y": -21.75 }
				],
				"scale": [
					{ "curve": "stepped" },
					{ "time": 0.1667 },
					{ "time": 0.6667, "x": 0, "y": 0 }
				]
			},
			"bone9": {
				"rotate": [
					{},
					{ "time": 0.6667, "angle": 135.79 }
				],
				"translate": [
					{ "x": -12.6, "y": 305.27 },
					{ "time": 0.6667, "x": -5.28, "y": -33.88 }
				],
				"scale": [
					{ "curve": "stepped" },
					{ "time": 0.1667 },
					{ "time": 0.6667, "x": 0, "y": 0 }
				]
			},
			"bone10": {
				"rotate": [
					{},
					{ "time": 0.6667, "angle": -159.69 }
				],
				"translate": [
					{ "x": 153.11, "y": 208.31 },
					{ "time": 0.6667, "x": -74.07, "y": -35.43 }
				],
				"scale": [
					{ "curve": "stepped" },
					{ "time": 0.1667 },
					{ "time": 0.6667, "x": 0, "y": 0 }
				]
			}
		}
	}
}
}