{"width":8,"height":9,"shuffle":1,"level":130,"id":"redfoc-connector","array":[[[1,1],[5,1],[5,1],[5,1],[5,1],[2,1],[1,1],[2,1]],[[6,1],[1,1],[12,1],[1,1],[2,1],[6,1],[6,1],[9,1]],[[6,1],[4,1],[5,1],[3,1],[9,1],[6,1],[6,1],0],[[6,1],[10,1],[2,1],0,0,[6,1],[4,1],[2,1]],[[4,1],[5,1],[3,1],[15,1],0,[13,1],[1,1],[3,1]],[[1,1],[5,1],[2,1],[4,1],[2,1],0,[4,1],[2,1]],[[4,1],[8,1],[4,1],[2,1],[4,1],[5,1],[2,1],[6,1]],[[1,1],[5,1],[5,1],[3,1],[1,1],[2,1],[6,1],[6,1]],[[4,1],[5,1],[5,1],[5,1],[3,1],[13,1],[4,1],[3,1]]]}