{"width":8,"height":9,"shuffle":1,"level":160,"id":"redfoc-connector","array":[[[1,1],[2,1],[1,1],[2,1],[1,1],[12,1],[15,1],[11,1]],[[6,1],[6,1],[6,1],[4,1],[3,1],[1,1],[3,1],[6,1]],[[6,1],[6,1],[6,1],0,[1,1],[3,1],0,[6,1]],[[6,1],[4,1],[3,1],[1,1],[3,1],[1,3],[2,1],[13,1]],[[6,1],0,[1,1],[3,1],[1,3],[3,3],[4,1],[2,3]],[[6,1],[1,1],[3,1],[1,3],[3,3],0,[1,1],[3,1]],[[6,1],[4,1],[2,1],[4,1],[8,3],[1,1],[3,1],[15,1]],[[6,1],0,[4,1],[2,1],[1,1],[3,1],0,[6,1]],[[4,1],[5,1],[8,1],[4,1],[3,1],0,0,[9,1]]]}