{"width":8,"height":9,"shuffle":1,"level":188,"id":"redfoc-connector","array":[[[1,1],[5,1],[5,1],[5,1],[5,1],[5,1],[5,1],[8,1]],[[6,1],[1,1],[2,1],[15,3],[1,1],[5,1],[5,1],[12,1]],[[6,1],[6,1],[6,1],[6,1],[6,1],[11,3],[1,1],[2,1]],[[6,1],[6,1],[6,1],[6,1],[6,1],[6,1],[6,1],[6,1]],[[6,1],[6,1],[6,1],[6,1],[6,1],[6,1],[6,1],[6,1]],[[6,1],[6,1],[6,1],[6,1],[6,1],[6,1],[6,1],[6,1]],[[4,1],[3,1],[4,1],[3,1],[6,1],[6,1],[6,1],[6,1]],[[10,1],[5,1],[5,1],[5,1],[3,1],[4,1],[3,1],[6,1]],[[14,1],[5,1],[5,1],[5,1],[5,1],[5,1],[5,1],[3,1]]]}