{"width":8,"height":9,"shuffle":1,"level":122,"id":"redfoc-connector","array":[[[1,1],[5,1],[5,1],[5,1],[5,1],[5,1],[5,1],[8,1]],[[6,1],[1,1],[5,1],[5,1],[5,1],[5,1],[8,1],[11,1]],[[6,1],[6,1],[1,1],[5,1],[5,1],[8,1],[11,1],[6,1]],[[6,1],[6,1],[6,1],[1,1],[8,1],[11,1],[6,1],[6,1]],[[6,1],[6,1],[6,1],[13,1],[11,1],[6,1],[6,1],[6,1]],[[6,1],[6,1],[6,1],[14,1],[3,1],[6,1],[6,1],[6,1]],[[6,1],[6,1],[13,1],[14,1],[5,1],[3,1],[6,1],[6,1]],[[6,1],[13,1],[14,1],[5,1],[5,1],[5,1],[3,1],[6,1]],[[13,1],[14,1],[5,1],[5,1],[5,1],[5,1],[5,1],[3,1]]]}