{"width":8,"height":9,"shuffle":1,"level":139,"id":"redfoc-connector","array":[[[10,1],[5,1],[5,1],[5,1],[5,1],[5,1],[5,1],[2,1]],[[10,1],[5,1],[5,1],[5,1],[5,1],[2,1],[1,1],[3,1]],[[10,1],[5,1],[5,1],[2,1],[1,1],[3,1],[4,1],[2,1]],[[10,1],[2,1],[1,1],[3,1],[4,1],[2,1],[1,1],[3,1]],[[1,1],[3,1],[4,1],[2,1],[1,1],[3,1],[4,1],[2,1]],[[4,1],[2,1],[1,1],[3,1],[4,1],[2,1],[1,1],[3,1]],[[1,1],[3,1],[4,1],[2,1],[1,1],[3,1],[4,1],[2,1]],[[4,1],[2,1],[1,1],[3,1],[4,1],[2,1],[1,1],[3,1]],[[14,1],[3,1],[4,1],[12,1],[14,1],[3,1],[4,1],[12,1]]]}