{"width":8,"height":9,"shuffle":1,"level":173,"id":"redfoc-connector","array":[[[1,1],[5,1],[5,1],[5,1],[5,1],[5,1],[5,1],[12,1]],[[6,1],[1,1],[5,1],[5,1],[5,1],[5,1],[12,1],[11,3]],[[6,1],[6,1],[1,1],[5,1],[5,1],[12,1],[11,3],[6,1]],[[6,1],[6,1],[6,1],0,0,[11,3],[6,1],[6,1]],[[6,1],[6,1],[6,1],0,0,[6,1],[6,1],[6,1]],[[6,1],[6,1],[6,1],0,0,[6,1],[6,1],[6,1]],[[6,1],[6,1],[4,1],[5,1],[5,1],[3,1],[6,1],[6,1]],[[6,1],[4,1],[5,1],[5,1],[5,1],[5,1],[3,1],[6,1]],[[4,1],[5,1],[5,1],[5,1],[5,1],[5,1],[5,1],[3,1]]]}