{"width":8,"height":9,"shuffle":1,"level":146,"id":"redfoc-connector","array":[[[11,3],[15,1],[1,1],[2,1],[1,1],[2,1],[15,1],[11,3]],[[6,1],[6,1],[6,1],[6,1],[6,1],[6,1],[6,1],[6,1]],[[6,1],[4,1],[3,1],[6,1],[6,1],[4,1],[3,1],[6,1]],[[4,1],[5,1],[5,1],[3,1],[4,1],[5,1],[5,1],[3,1]],[[1,1],[5,1],[5,1],[2,1],[1,1],[5,1],[5,1],[2,1]],[[6,1],[1,1],[2,1],[6,1],[6,1],[1,1],[2,1],[6,1]],[[6,1],[6,1],[6,1],[6,1],[6,1],[6,1],[6,1],[6,1]],[[6,1],[6,1],[13,1],[6,1],[6,1],[13,1],[6,1],[6,1]],[[9,3],[4,1],[5,1],[3,1],[4,1],[5,1],[3,1],[9,3]]]}