{"width":8,"height":9,"shuffle":1,"level":147,"id":"redfoc-connector","array":[[[1,1],[5,1],[5,1],[8,1],[14,3],[5,1],[5,1],[2,1]],[[6,1],[1,1],[5,1],[2,1],[1,1],[5,1],[2,1],[6,1]],[[6,1],[6,1],[15,1],[6,1],[6,1],[11,1],[6,1],[6,1]],[[6,1],[6,1],[6,1],[6,1],[6,1],[6,1],[6,1],[6,1]],[[6,1],[6,1],[6,1],[6,1],[6,1],[6,1],[6,1],[6,1]],[[6,1],[6,1],[6,1],[6,1],[6,1],[6,1],[6,1],[6,1]],[[6,1],[6,1],[6,1],[6,1],[6,1],[6,1],[6,1],[6,1]],[[6,1],[9,1],[6,1],[6,1],[6,1],[6,1],[13,1],[6,1]],[[4,1],[5,1],[3,1],[13,3],[9,3],[4,1],[5,1],[3,1]]]}