{"width":8,"height":9,"shuffle":1,"level":183,"id":"redfoc-connector","array":[[[14,3],[2,1],[10,3],[5,1],[5,1],[5,1],[5,1],[2,1]],[[10,1],[3,1],[14,1],[5,1],[5,1],[5,1],[5,1],[3,1]],[[14,1],[5,1],[5,1],[5,1],[2,1],[1,1],[5,1],[8,1]],[[1,1],[5,1],[5,1],[8,1],[9,1],[6,1],[1,1],[2,1]],[[6,1],[14,1],[5,1],[5,1],[5,1],[3,1],[9,1],[6,1]],[[6,1],[1,1],[5,1],[5,1],[5,1],[5,1],[5,1],[3,1]],[[13,1],[4,1],[5,1],[5,1],[2,1],[14,1],[5,1],[2,1]],[[1,1],[2,1],[1,1],[2,1],[6,1],[1,1],[8,1],[6,1]],[[13,1],[4,1],[3,1],[9,1],[13,1],[4,1],[5,1],[3,1]]]}