{"width":8,"height":9,"shuffle":1,"level":2000,"id":"redfoc-connector","array":[[[7,1],[7,1],[14,1],[2,1],[1,1],[12,1],[7,1],[7,1]],[[7,1],[7,1],0,[6,1],[6,1],0,[7,1],[7,1]],[[1,1],[8,1],[7,1],[6,1],[6,1],[7,1],[10,1],[2,1]],[[4,1],[5,1],[5,1],[3,1],[4,1],[5,1],[5,1],[3,1]],[[1,1],[5,1],[5,1],[8,1],[10,1],[5,1],[5,1],[2,1]],[[6,1],[1,1],[5,1],[2,1],[1,1],[5,1],[2,1],[6,1]],[[4,1],[3,1],[7,1],[6,1],[6,1],[7,1],[4,1],[3,1]],[[7,1],[7,1],[1,1],[3,1],[4,1],[2,1],[7,1],[7,1]],[[7,1],[7,1],[4,1],[12,1],[14,1],[3,1],[7,1],[7,1]]]}