{"width":8,"height":9,"shuffle":1,"level":126,"id":"redfoc-connector","array":[[[15,1],0,0,0,0,0,0,0],[[4,1],[5,1],[5,1],[5,1],[5,1],[5,1],[8,1],[11,1]],[[15,1],[14,1],[5,1],[5,1],[5,1],[5,1],[5,1],[3,1]],[[4,1],[5,1],[5,1],[5,1],[5,1],[5,1],[8,1],[11,1]],[[15,1],[14,1],[5,1],[5,1],[5,1],[5,1],[5,1],[3,1]],[[4,1],[5,1],[5,1],[5,1],[5,1],[5,1],[8,1],[11,1]],[[15,1],[14,1],[5,1],[5,1],[5,1],[5,1],[5,1],[3,1]],[[4,1],[5,1],[5,1],[5,1],[5,1],[5,1],[8,1],[11,1]],[[14,1],[5,1],[5,1],[5,1],[5,1],[5,1],[5,1],[3,1]]]}