{"width":8,"height":9,"shuffle":1,"level":195,"id":"redfoc-connector","array":[[[1,1],[5,1],[5,1],[5,1],[5,1],[5,1],[5,1],[2,1]],[[6,1],[11,1],[1,1],[12,1],[10,1],[2,1],[15,1],[6,1]],[[6,1],[6,1],[6,1],[15,3],[11,3],[6,1],[6,1],[6,1]],[[6,1],[6,1],[6,1],[6,1],[6,1],[6,1],[6,1],[6,1]],[[6,1],[6,1],[6,1],[6,1],[6,1],[6,1],[6,1],[6,1]],[[6,1],[6,1],[6,1],[6,1],[6,1],[6,1],[6,1],[6,1]],[[6,1],[6,1],[6,1],[6,1],[6,1],[6,1],[6,1],[6,1]],[[6,1],[6,1],[9,1],[9,3],[13,3],[13,1],[6,1],[6,1]],[[9,1],[4,1],[5,1],[5,1],[5,1],[5,1],[3,1],[13,1]]]}