{"width":8,"height":9,"shuffle":1,"level":161,"id":"redfoc-connector","array":[[[10,3],[5,1],[5,1],[5,1],[5,1],[5,1],[5,1],[2,1]],[[14,1],[5,1],[5,1],[5,1],[5,1],[5,1],[2,1],[6,1]],[[1,1],[5,1],[5,1],[2,1],0,[1,1],[3,1],[6,1]],[[6,1],[1,1],[2,1],[6,1],[1,1],[3,1],0,[6,1]],[[6,1],[6,1],[6,1],[6,1],[6,1],[1,1],[2,1],[6,1]],[[6,1],[6,1],[6,1],[6,1],[6,1],[6,1],[6,1],[6,1]],[[6,1],[6,1],[9,1],[6,1],[6,1],[6,1],[6,1],[6,1]],[[6,1],[4,1],[5,1],[3,1],[4,1],[3,1],[4,1],[3,1]],[[4,1],[5,1],[5,1],[5,1],[5,1],[5,1],[5,1],[12,1]]]}