{"width":8,"height":9,"shuffle":1,"level":135,"id":"redfoc-connector","array":[[[14,1],[5,1],[5,1],[5,1],[5,1],[5,1],[2,1],[15,1]],[[15,1],[1,1],[5,1],[2,1],[15,1],[11,1],[6,1],[6,1]],[[6,1],[4,1],[2,1],[13,1],[6,1],[6,1],[6,1],[6,1]],[[4,1],[2,1],[6,1],[1,1],[3,1],[6,1],[6,1],[6,1]],[[1,1],[3,1],[6,1],[4,1],[2,1],[6,1],[6,1],[6,1]],[[6,1],[1,1],[3,1],[15,1],[6,1],[6,1],[6,1],[6,1]],[[6,1],[6,1],0,[6,1],[6,1],[6,1],[6,1],[6,1]],[[6,1],[6,1],[1,1],[3,1],[6,1],[6,1],[9,1],[6,1]],[[9,1],[9,1],[4,1],[8,1],[9,1],[4,1],[5,1],[3,1]]]}