{"width":8,"height":9,"shuffle":1,"level":70,"id":"redfoc-connector","array":[[[1,1],[5,1],[2,1],0,0,[1,1],[5,1],[2,1]],[[4,1],[2,1],[6,1],[1,1],[2,1],[6,1],[1,1],[3,1]],[[1,1],[3,1],[4,1],[3,1],[4,1],[3,1],[4,1],[2,1]],[[4,1],[5,1],[5,1],[8,3],[14,3],[5,1],[5,1],[3,1]],[[1,1],[5,1],[5,1],[8,3],[14,3],[5,1],[5,1],[2,1]],[[6,1],[1,1],[5,1],[8,3],[14,3],[5,1],[2,1],[6,1]],[[6,1],[4,1],[5,1],[5,1],[5,1],[5,1],[3,1],[6,1]],[[4,1],[2,1],[1,1],[2,1],[1,1],[2,1],[1,1],[3,1]],[0,[4,1],[3,1],[4,1],[3,1],[4,1],[3,1],0]]}