{"width":8,"height":9,"shuffle":1,"level":155,"id":"redfoc-connector","array":[[[10,1],[5,1],[2,1],[11,1],[11,1],[1,1],[5,1],[8,1]],[[1,1],[5,1],[3,1],[6,1],[6,1],[4,1],[5,1],[2,1]],[[4,1],[12,1],[1,1],[3,1],[4,1],[2,1],[14,1],[3,1]],[0,[1,1],[3,1],0,0,[4,1],[2,1],0],[[1,1],[3,1],[1,1],[2,1],[1,1],[2,1],[4,1],[2,1]],[[6,1],[1,1],[3,1],[6,1],[6,1],[4,1],[2,1],[6,1]],[[6,1],[4,1],[2,1],[6,1],[6,1],[1,1],[3,1],[6,1]],[[6,1],[1,1],[3,1],[6,1],[6,1],[4,1],[2,1],[6,1]],[[13,1],[4,1],[8,3],[13,1],[13,1],[10,3],[3,1],[13,1]]]}