{"width":8,"height":9,"shuffle":1,"level":178,"id":"redfoc-connector","array":[[[1,1],[2,1],[10,1],[2,1],[11,1],[1,1],[5,1],[2,1]],[[6,1],[4,1],[8,1],[6,1],[6,1],[4,1],[8,1],[6,1]],[[6,1],[15,1],[14,1],[3,1],[4,1],[5,1],[2,1],[6,1]],[[6,1],[6,1],[14,1],[5,1],[5,1],[2,1],[6,1],[6,1]],[[13,1],[4,1],[5,1],[5,1],[2,1],[6,1],[6,1],[13,1]],[[1,1],[5,1],[5,1],[2,1],[6,1],[6,1],[6,1],[15,1]],[[4,1],[5,1],[2,1],[6,1],[6,1],[6,1],[4,1],[3,1]],[[1,1],[2,1],[6,1],[6,1],[6,1],[4,1],[5,1],[8,1]],[[13,1],[4,1],[3,1],[9,1],[4,1],[5,1],[5,1],[8,1]]]}