{"width":8,"height":9,"shuffle":1,"level":194,"id":"redfoc-connector","array":[[[1,1],[2,1],[10,1],[2,1],[1,1],[5,1],[5,1],[2,1]],[[6,1],[4,1],[2,1],[6,1],[6,1],[10,3],[5,1],[3,1]],[[6,1],[15,1],[13,1],[6,1],[4,1],[12,1],[1,1],[8,1]],[[6,1],[6,1],[1,1],[3,1],[1,1],[2,1],[4,1],[2,1]],[[6,1],[4,1],[3,1],[1,1],[3,1],[6,1],[1,1],[3,1]],[[9,1],[1,1],[5,1],[3,1],[1,1],[3,1],[4,1],[2,1]],[[10,1],[3,1],[1,1],[5,1],[3,1],[14,1],[5,1],[3,1]],[[1,1],[5,1],[3,1],[1,1],[2,1],[1,1],[2,1],0],[[13,1],[14,1],[5,1],[3,1],[4,1],[3,1],[4,1],[8,1]]]}