{"width":8,"height":9,"shuffle":1,"level":69,"id":"redfoc-connector","array":[[[1,1],[5,1],[5,1],[2,1],[1,1],[5,1],[5,1],[2,1]],[[6,1],[1,1],[2,1],[6,1],[6,1],[1,1],[2,1],[6,1]],[[6,1],[6,1],[6,1],[6,1],[6,1],[6,1],[6,1],[6,1]],[[6,1],[6,1],[6,1],[6,1],[6,1],[6,1],[6,1],[6,1]],[[6,1],[6,1],[6,1],[6,1],[6,1],[6,1],[6,1],[6,1]],[[6,1],[6,1],[6,1],[6,1],[6,1],[6,1],[6,1],[6,1]],[[6,1],[6,1],[6,1],[6,1],[6,1],[6,1],[6,1],[6,1]],[[6,1],[6,1],[6,1],[6,1],[6,1],[6,1],[6,1],[6,1]],[[13,1],[9,3],[13,1],[9,1],[13,1],[9,1],[13,3],[9,1]]]}