{"width":8,"height":9,"shuffle":1,"level":100,"id":"redfoc-connector","array":[[[1,1],[5,1],[5,1],[5,1],[5,1],[5,1],[5,1],[2,1]],[[6,1],[1,1],[2,1],[1,1],[2,1],[1,1],[2,1],[6,1]],[[6,1],[6,1],[6,1],[6,1],[6,1],[6,1],[6,1],[6,1]],[[6,1],[6,1],[6,1],[6,1],[6,1],[6,1],[6,1],[6,1]],[[6,1],[6,1],[6,1],[6,1],[6,1],[6,1],[6,1],[6,1]],[[6,1],[6,1],[6,1],[6,1],[6,1],[6,1],[6,1],[6,1]],[[6,1],[6,1],[6,1],[6,1],[6,1],[6,1],[6,1],[6,1]],[[6,1],[6,1],[6,1],[6,1],[6,1],[6,1],[6,1],[6,1]],[[9,3],[13,1],[4,1],[3,1],[4,1],[3,1],[4,1],[3,1]]]}