{"width":8,"height":9,"shuffle":1,"level":198,"id":"redfoc-connector","array":[[[1,1],[2,1],[1,1],[2,1],[1,1],[2,1],[1,1],[2,1]],[[6,1],[4,1],[3,1],[9,1],[9,1],[4,1],[3,1],[6,1]],[[6,1],[1,1],[5,1],[2,1],[1,1],[5,1],[2,1],[6,1]],[[6,1],[6,1],0,[6,1],[6,1],0,[6,1],[6,1]],[[13,1],[6,1],0,[13,1],[13,1],0,[6,1],[13,1]],[[15,1],[6,1],0,[11,3],[11,3],0,[6,1],[15,1]],[[6,1],[4,1],[5,1],[3,1],[4,1],[5,1],[3,1],[6,1]],[[6,1],[1,1],[2,1],[11,1],[11,1],[1,1],[2,1],[6,1]],[[4,1],[3,1],[4,1],[3,1],[4,1],[3,1],[4,1],[3,1]]]}