{"width":8,"height":9,"shuffle":1,"level":63,"id":"redfoc-connector","array":[[[11,1],[11,1],[11,1],[15,1],[11,1],[15,1],[15,1],[15,1]],[[6,1],[6,1],[6,1],[6,1],[6,1],[6,1],[6,1],[6,1]],[[6,1],[6,1],[6,1],[6,1],[6,1],[6,1],[6,1],[6,1]],[[6,1],[6,1],[6,1],[6,1],[6,1],[6,1],[6,1],[6,1]],[[6,1],[6,1],[4,1],[3,1],[4,1],[3,1],[6,1],[6,1]],[[6,1],[4,1],[5,1],[2,1],[1,1],[5,1],[3,1],[6,1]],[[4,1],[5,1],[12,1],[6,1],[6,1],[10,1],[5,1],[3,1]],[[1,1],[5,1],[5,1],[3,1],[4,1],[5,1],[5,1],[2,1]],[[4,1],[5,1],[5,1],[12,1],[10,1],[5,1],[5,1],[3,1]]]}