{"width":8,"height":9,"shuffle":1,"level":120,"id":"redfoc-connector","array":[[[15,1],[11,1],[14,1],[5,1],[5,1],[2,1],[11,1],[15,1]],[[5,3],[5,3],[10,1],[2,1],[1,1],[3,1],[5,3],[5,3]],[[14,1],[5,1],[5,1],[3,1],[4,1],[5,1],[5,1],[2,1]],[[10,1],[5,1],[5,1],[2,1],[1,1],[5,1],[12,1],[6,1]],[[1,1],[2,1],0,[6,1],[4,1],[8,1],[1,1],[3,1]],[[6,1],[13,1],0,[4,1],[5,1],[2,1],[6,1],[11,1]],[[4,1],[5,1],[5,1],[5,1],[2,1],[6,1],[4,1],[3,1]],[[5,3],[5,3],[1,1],[8,1],[6,1],[6,1],[5,3],[5,3]],[[13,1],[9,1],[4,1],[5,1],[3,1],[13,1],[9,1],[13,1]]]}