{"width":8,"height":9,"shuffle":1,"level":189,"id":"redfoc-connector","array":[[[11,3],[15,1],[14,1],[2,1],[1,1],[12,3],[1,1],[2,1]],[[4,1],[3,1],[1,1],[3,1],[4,1],[8,1],[9,1],[6,1]],[[1,1],[12,1],[9,1],[11,1],[10,1],[5,1],[2,1],[13,1]],[[4,1],[5,1],[8,1],[4,1],[5,1],[2,1],[4,1],[12,1]],[[10,1],[2,1],[14,1],[5,1],[2,1],[13,1],[1,1],[12,1]],[[1,1],[3,1],[1,1],[2,1],[9,1],[10,1],[3,1],[11,1]],[[13,1],[11,1],[9,1],[4,1],[12,1],[14,1],[5,1],[3,1]],[[1,1],[3,1],[1,1],[8,1],[1,1],[8,1],[1,1],[2,1]],[[13,1],[14,1],[3,1],[14,1],[3,1],[14,1],[3,1],[9,1]]]}