{"frames": {"1smuha": {"frame": {"x": 2, "y": 2, "w": 862, "h": 102}, "rotated": false, "trimed": false, "spriteSourceSize": {"x": 0, "y": 0, "w": 862, "h": 102}, "sourceSize": {"w": 862, "h": 102}}, "loader_4": {"frame": {"x": 866, "y": 2, "w": 688, "h": 185}, "rotated": false, "trimed": false, "spriteSourceSize": {"x": 0, "y": 0, "w": 688, "h": 185}, "sourceSize": {"w": 688, "h": 185}}, "loader_5": {"frame": {"x": 2, "y": 106, "w": 688, "h": 185}, "rotated": false, "trimed": false, "spriteSourceSize": {"x": 0, "y": 0, "w": 688, "h": 185}, "sourceSize": {"w": 688, "h": 185}}, "main_bar": {"frame": {"x": 692, "y": 189, "w": 675, "h": 217}, "rotated": false, "trimed": false, "spriteSourceSize": {"x": 0, "y": 0, "w": 675, "h": 217}, "sourceSize": {"w": 675, "h": 217}}, "bomb_smuha_pol": {"frame": {"x": 1556, "y": 2, "w": 460, "h": 120}, "rotated": false, "trimed": false, "spriteSourceSize": {"x": 0, "y": 0, "w": 460, "h": 120}, "sourceSize": {"w": 460, "h": 120}}, "tut_tab": {"frame": {"x": 1556, "y": 124, "w": 438, "h": 392}, "rotated": false, "trimed": false, "spriteSourceSize": {"x": 0, "y": 0, "w": 438, "h": 392}, "sourceSize": {"w": 438, "h": 392}}, "svetlo_lucky": {"frame": {"x": 2, "y": 293, "w": 401, "h": 390}, "rotated": false, "trimed": false, "spriteSourceSize": {"x": 0, "y": 0, "w": 401, "h": 390}, "sourceSize": {"w": 401, "h": 390}}, "barrel3": {"frame": {"x": 405, "y": 408, "w": 343, "h": 140}, "rotated": false, "trimed": false, "spriteSourceSize": {"x": 0, "y": 0, "w": 343, "h": 140}, "sourceSize": {"w": 343, "h": 140}}, "barrel1": {"frame": {"x": 750, "y": 408, "w": 342, "h": 201}, "rotated": false, "trimed": false, "spriteSourceSize": {"x": 0, "y": 0, "w": 342, "h": 201}, "sourceSize": {"w": 342, "h": 201}}, "barrel2": {"frame": {"x": 405, "y": 550, "w": 342, "h": 201}, "rotated": false, "trimed": false, "spriteSourceSize": {"x": 0, "y": 0, "w": 342, "h": 201}, "sourceSize": {"w": 342, "h": 201}}, "expl_ShockWave": {"frame": {"x": 2, "y": 685, "w": 342, "h": 342}, "rotated": false, "trimed": false, "spriteSourceSize": {"x": 0, "y": 0, "w": 342, "h": 342}, "sourceSize": {"w": 342, "h": 342}}, "spectrum_flame": {"frame": {"x": 1094, "y": 408, "w": 208, "h": 334}, "rotated": false, "trimed": false, "spriteSourceSize": {"x": 0, "y": 0, "w": 208, "h": 334}, "sourceSize": {"w": 208, "h": 334}}, "Ellipse": {"frame": {"x": 749, "y": 611, "w": 328, "h": 328}, "rotated": false, "trimed": false, "spriteSourceSize": {"x": 0, "y": 0, "w": 328, "h": 328}, "sourceSize": {"w": 328, "h": 328}}, "tut_obr1": {"frame": {"x": 346, "y": 753, "w": 290, "h": 69}, "rotated": false, "trimed": false, "spriteSourceSize": {"x": 0, "y": 0, "w": 290, "h": 69}, "sourceSize": {"w": 290, "h": 69}}, "loader_1": {"frame": {"x": 1369, "y": 189, "w": 150, "h": 205}, "rotated": false, "trimed": false, "spriteSourceSize": {"x": 0, "y": 0, "w": 150, "h": 205}, "sourceSize": {"w": 150, "h": 205}}, "loader_2": {"frame": {"x": 1369, "y": 396, "w": 150, "h": 205}, "rotated": false, "trimed": false, "spriteSourceSize": {"x": 0, "y": 0, "w": 150, "h": 205}, "sourceSize": {"w": 150, "h": 205}}, "loader_3": {"frame": {"x": 346, "y": 824, "w": 150, "h": 205}, "rotated": false, "trimed": false, "spriteSourceSize": {"x": 0, "y": 0, "w": 150, "h": 205}, "sourceSize": {"w": 150, "h": 205}}, "loader_mask": {"frame": {"x": 498, "y": 824, "w": 150, "h": 205}, "rotated": false, "trimed": false, "spriteSourceSize": {"x": 0, "y": 0, "w": 150, "h": 205}, "sourceSize": {"w": 150, "h": 205}}, "hand": {"frame": {"x": 2, "y": 1029, "w": 160, "h": 204}, "rotated": false, "trimed": false, "spriteSourceSize": {"x": 0, "y": 0, "w": 160, "h": 204}, "sourceSize": {"w": 160, "h": 204}}, "cage-part1": {"frame": {"x": 692, "y": 106, "w": 154, "h": 70}, "rotated": false, "trimed": false, "spriteSourceSize": {"x": 0, "y": 0, "w": 154, "h": 70}, "sourceSize": {"w": 154, "h": 70}}, "cage-part2": {"frame": {"x": 164, "y": 1029, "w": 154, "h": 64}, "rotated": false, "trimed": false, "spriteSourceSize": {"x": 0, "y": 0, "w": 154, "h": 64}, "sourceSize": {"w": 154, "h": 64}}, "box-part1": {"frame": {"x": 405, "y": 293, "w": 153, "h": 105}, "rotated": false, "trimed": false, "spriteSourceSize": {"x": 0, "y": 0, "w": 153, "h": 105}, "sourceSize": {"w": 153, "h": 105}}, "box-part2": {"frame": {"x": 1521, "y": 518, "w": 152, "h": 77}, "rotated": false, "trimed": false, "spriteSourceSize": {"x": 0, "y": 0, "w": 152, "h": 77}, "sourceSize": {"w": 152, "h": 77}}, "stone-part2": {"frame": {"x": 1675, "y": 518, "w": 152, "h": 103}, "rotated": false, "trimed": false, "spriteSourceSize": {"x": 0, "y": 0, "w": 152, "h": 103}, "sourceSize": {"w": 152, "h": 103}}, "block_part_0": {"frame": {"x": 1521, "y": 597, "w": 145, "h": 114}, "rotated": false, "trimed": false, "spriteSourceSize": {"x": 0, "y": 0, "w": 145, "h": 114}, "sourceSize": {"w": 145, "h": 114}}, "carpet": {"frame": {"x": 1304, "y": 603, "w": 140, "h": 142}, "rotated": false, "trimed": false, "spriteSourceSize": {"x": 0, "y": 0, "w": 140, "h": 142}, "sourceSize": {"w": 140, "h": 142}}, "dropper1": {"frame": {"x": 1829, "y": 518, "w": 140, "h": 142}, "rotated": false, "trimed": false, "spriteSourceSize": {"x": 0, "y": 0, "w": 140, "h": 142}, "sourceSize": {"w": 140, "h": 142}}, "pie_target": {"frame": {"x": 1668, "y": 623, "w": 140, "h": 142}, "rotated": false, "trimed": false, "spriteSourceSize": {"x": 0, "y": 0, "w": 140, "h": 142}, "sourceSize": {"w": 140, "h": 142}}, "spreader": {"frame": {"x": 1446, "y": 713, "w": 140, "h": 142}, "rotated": false, "trimed": false, "spriteSourceSize": {"x": 0, "y": 0, "w": 140, "h": 142}, "sourceSize": {"w": 140, "h": 142}}, "spreader_part_0": {"frame": {"x": 650, "y": 753, "w": 84, "h": 142}, "rotated": false, "trimed": false, "spriteSourceSize": {"x": 0, "y": 0, "w": 84, "h": 142}, "sourceSize": {"w": 84, "h": 142}}, "spreader_part_1": {"frame": {"x": 1079, "y": 744, "w": 140, "h": 142}, "rotated": false, "trimed": false, "spriteSourceSize": {"x": 0, "y": 0, "w": 140, "h": 142}, "sourceSize": {"w": 140, "h": 142}}, "infinity": {"frame": {"x": 1221, "y": 747, "w": 140, "h": 85}, "rotated": false, "trimed": false, "spriteSourceSize": {"x": 0, "y": 0, "w": 140, "h": 85}, "sourceSize": {"w": 140, "h": 85}}, "spreader_part_2": {"frame": {"x": 1221, "y": 834, "w": 140, "h": 90}, "rotated": false, "trimed": false, "spriteSourceSize": {"x": 0, "y": 0, "w": 140, "h": 90}, "sourceSize": {"w": 140, "h": 90}}, "stone_1": {"frame": {"x": 1079, "y": 888, "w": 135, "h": 137}, "rotated": false, "trimed": false, "spriteSourceSize": {"x": 0, "y": 0, "w": 135, "h": 137}, "sourceSize": {"w": 135, "h": 137}}, "stone_2": {"frame": {"x": 1810, "y": 662, "w": 135, "h": 137}, "rotated": false, "trimed": false, "spriteSourceSize": {"x": 0, "y": 0, "w": 135, "h": 137}, "sourceSize": {"w": 135, "h": 137}}, "stone_3": {"frame": {"x": 1588, "y": 767, "w": 135, "h": 137}, "rotated": false, "trimed": false, "spriteSourceSize": {"x": 0, "y": 0, "w": 135, "h": 137}, "sourceSize": {"w": 135, "h": 137}}, "cage-part3": {"frame": {"x": 1363, "y": 857, "w": 136, "h": 30}, "rotated": false, "trimed": false, "spriteSourceSize": {"x": 0, "y": 0, "w": 136, "h": 30}, "sourceSize": {"w": 136, "h": 30}}, "block_part_1": {"frame": {"x": 1363, "y": 889, "w": 121, "h": 135}, "rotated": false, "trimed": false, "spriteSourceSize": {"x": 0, "y": 0, "w": 121, "h": 135}, "sourceSize": {"w": 121, "h": 135}}, "block_0": {"frame": {"x": 1216, "y": 926, "w": 130, "h": 132}, "rotated": false, "trimed": false, "spriteSourceSize": {"x": 0, "y": 0, "w": 130, "h": 132}, "sourceSize": {"w": 130, "h": 132}}, "block_1": {"frame": {"x": 1725, "y": 801, "w": 130, "h": 132}, "rotated": false, "trimed": false, "spriteSourceSize": {"x": 0, "y": 0, "w": 130, "h": 132}, "sourceSize": {"w": 130, "h": 132}}, "block_2": {"frame": {"x": 1857, "y": 801, "w": 130, "h": 132}, "rotated": false, "trimed": false, "spriteSourceSize": {"x": 0, "y": 0, "w": 130, "h": 132}, "sourceSize": {"w": 130, "h": 132}}, "box_1": {"frame": {"x": 1857, "y": 935, "w": 130, "h": 132}, "rotated": false, "trimed": false, "spriteSourceSize": {"x": 0, "y": 0, "w": 130, "h": 132}, "sourceSize": {"w": 130, "h": 132}}, "box_2": {"frame": {"x": 1486, "y": 906, "w": 130, "h": 132}, "rotated": false, "trimed": false, "spriteSourceSize": {"x": 0, "y": 0, "w": 130, "h": 132}, "sourceSize": {"w": 130, "h": 132}}, "box_3": {"frame": {"x": 1348, "y": 1026, "w": 130, "h": 132}, "rotated": false, "trimed": false, "spriteSourceSize": {"x": 0, "y": 0, "w": 130, "h": 132}, "sourceSize": {"w": 130, "h": 132}}, "cage_1": {"frame": {"x": 1618, "y": 935, "w": 130, "h": 132}, "rotated": false, "trimed": false, "spriteSourceSize": {"x": 0, "y": 0, "w": 130, "h": 132}, "sourceSize": {"w": 130, "h": 132}}, "cage_2": {"frame": {"x": 1480, "y": 1040, "w": 130, "h": 132}, "rotated": false, "trimed": false, "spriteSourceSize": {"x": 0, "y": 0, "w": 130, "h": 132}, "sourceSize": {"w": 130, "h": 132}}, "cage_3": {"frame": {"x": 650, "y": 941, "w": 130, "h": 132}, "rotated": false, "trimed": false, "spriteSourceSize": {"x": 0, "y": 0, "w": 130, "h": 132}, "sourceSize": {"w": 130, "h": 132}}, "fish1": {"frame": {"x": 782, "y": 941, "w": 130, "h": 132}, "rotated": false, "trimed": false, "spriteSourceSize": {"x": 0, "y": 0, "w": 130, "h": 132}, "sourceSize": {"w": 130, "h": 132}}, "pie_1": {"frame": {"x": 914, "y": 941, "w": 130, "h": 132}, "rotated": false, "trimed": false, "spriteSourceSize": {"x": 0, "y": 0, "w": 130, "h": 132}, "sourceSize": {"w": 130, "h": 132}}, "pie_2": {"frame": {"x": 1046, "y": 1027, "w": 130, "h": 132}, "rotated": false, "trimed": false, "spriteSourceSize": {"x": 0, "y": 0, "w": 130, "h": 132}, "sourceSize": {"w": 130, "h": 132}}, "pie_3": {"frame": {"x": 1178, "y": 1060, "w": 130, "h": 132}, "rotated": false, "trimed": false, "spriteSourceSize": {"x": 0, "y": 0, "w": 130, "h": 132}, "sourceSize": {"w": 130, "h": 132}}, "kruhanim": {"frame": {"x": 1310, "y": 1160, "w": 128, "h": 128}, "rotated": false, "trimed": false, "spriteSourceSize": {"x": 0, "y": 0, "w": 128, "h": 128}, "sourceSize": {"w": 128, "h": 128}}, "booster_ad": {"frame": {"x": 1947, "y": 662, "w": 90, "h": 124}, "rotated": false, "trimed": false, "spriteSourceSize": {"x": 0, "y": 0, "w": 90, "h": 124}, "sourceSize": {"w": 90, "h": 124}}, "bomb_h": {"frame": {"x": 320, "y": 1031, "w": 120, "h": 120}, "rotated": false, "trimed": false, "spriteSourceSize": {"x": 0, "y": 0, "w": 120, "h": 120}, "sourceSize": {"w": 120, "h": 120}}, "bomb_r": {"frame": {"x": 164, "y": 1095, "w": 120, "h": 120}, "rotated": false, "trimed": false, "spriteSourceSize": {"x": 0, "y": 0, "w": 120, "h": 120}, "sourceSize": {"w": 120, "h": 120}}, "bomb_v": {"frame": {"x": 442, "y": 1031, "w": 120, "h": 120}, "rotated": false, "trimed": false, "spriteSourceSize": {"x": 0, "y": 0, "w": 120, "h": 120}, "sourceSize": {"w": 120, "h": 120}}, "coin_lvl": {"frame": {"x": 1612, "y": 1069, "w": 120, "h": 120}, "rotated": false, "trimed": false, "spriteSourceSize": {"x": 0, "y": 0, "w": 120, "h": 120}, "sourceSize": {"w": 120, "h": 120}}, "gchar_0": {"frame": {"x": 1440, "y": 1174, "w": 120, "h": 120}, "rotated": false, "trimed": false, "spriteSourceSize": {"x": 0, "y": 0, "w": 120, "h": 120}, "sourceSize": {"w": 120, "h": 120}}, "gchar_1": {"frame": {"x": 1734, "y": 1069, "w": 120, "h": 120}, "rotated": false, "trimed": false, "spriteSourceSize": {"x": 0, "y": 0, "w": 120, "h": 120}, "sourceSize": {"w": 120, "h": 120}}, "gchar_2": {"frame": {"x": 1856, "y": 1069, "w": 120, "h": 120}, "rotated": false, "trimed": false, "spriteSourceSize": {"x": 0, "y": 0, "w": 120, "h": 120}, "sourceSize": {"w": 120, "h": 120}}, "gchar_3": {"frame": {"x": 1856, "y": 1191, "w": 120, "h": 120}, "rotated": false, "trimed": false, "spriteSourceSize": {"x": 0, "y": 0, "w": 120, "h": 120}, "sourceSize": {"w": 120, "h": 120}}, "gchar_4": {"frame": {"x": 1562, "y": 1191, "w": 120, "h": 120}, "rotated": false, "trimed": false, "spriteSourceSize": {"x": 0, "y": 0, "w": 120, "h": 120}, "sourceSize": {"w": 120, "h": 120}}, "gchar_5": {"frame": {"x": 1684, "y": 1191, "w": 120, "h": 120}, "rotated": false, "trimed": false, "spriteSourceSize": {"x": 0, "y": 0, "w": 120, "h": 120}, "sourceSize": {"w": 120, "h": 120}}, "gchar_6": {"frame": {"x": 1684, "y": 1313, "w": 120, "h": 120}, "rotated": false, "trimed": false, "spriteSourceSize": {"x": 0, "y": 0, "w": 120, "h": 120}, "sourceSize": {"w": 120, "h": 120}}, "hracie_policko-active": {"frame": {"x": 1806, "y": 1313, "w": 120, "h": 120}, "rotated": false, "trimed": false, "spriteSourceSize": {"x": 0, "y": 0, "w": 120, "h": 120}, "sourceSize": {"w": 120, "h": 120}}, "hracie_policko1": {"frame": {"x": 1806, "y": 1435, "w": 120, "h": 120}, "rotated": false, "trimed": false, "spriteSourceSize": {"x": 0, "y": 0, "w": 120, "h": 120}, "sourceSize": {"w": 120, "h": 120}}, "hracie_policko_mouse": {"frame": {"x": 564, "y": 1075, "w": 120, "h": 120}, "rotated": false, "trimed": false, "spriteSourceSize": {"x": 0, "y": 0, "w": 120, "h": 120}, "sourceSize": {"w": 120, "h": 120}}, "spectrum": {"frame": {"x": 286, "y": 1153, "w": 120, "h": 120}, "rotated": false, "trimed": false, "spriteSourceSize": {"x": 0, "y": 0, "w": 120, "h": 120}, "sourceSize": {"w": 120, "h": 120}}, "stone-part1": {"frame": {"x": 1750, "y": 935, "w": 101, "h": 81}, "rotated": false, "trimed": false, "spriteSourceSize": {"x": 0, "y": 0, "w": 101, "h": 81}, "sourceSize": {"w": 101, "h": 81}}, "board_line_hor": {"frame": {"x": 405, "y": 400, "w": 100, "h": 6}, "rotated": false, "trimed": false, "spriteSourceSize": {"x": 0, "y": 0, "w": 100, "h": 6}, "sourceSize": {"w": 100, "h": 6}}, "board_line_ver": {"frame": {"x": 736, "y": 753, "w": 6, "h": 100}, "rotated": false, "trimed": false, "spriteSourceSize": {"x": 0, "y": 0, "w": 6, "h": 100}, "sourceSize": {"w": 6, "h": 100}}, "bs_saw-bw": {"frame": {"x": 560, "y": 293, "w": 85, "h": 95}, "rotated": false, "trimed": false, "spriteSourceSize": {"x": 0, "y": 0, "w": 85, "h": 95}, "sourceSize": {"w": 85, "h": 95}}, "bs_saw": {"frame": {"x": 1928, "y": 1435, "w": 85, "h": 95}, "rotated": false, "trimed": false, "spriteSourceSize": {"x": 0, "y": 0, "w": 85, "h": 95}, "sourceSize": {"w": 85, "h": 95}}, "bs_spray-bw": {"frame": {"x": 1928, "y": 1532, "w": 85, "h": 95}, "rotated": false, "trimed": false, "spriteSourceSize": {"x": 0, "y": 0, "w": 85, "h": 95}, "sourceSize": {"w": 85, "h": 95}}, "bs_spray": {"frame": {"x": 1928, "y": 1313, "w": 85, "h": 95}, "rotated": false, "trimed": false, "spriteSourceSize": {"x": 0, "y": 0, "w": 85, "h": 95}, "sourceSize": {"w": 85, "h": 95}}, "bs_tnt-bw": {"frame": {"x": 164, "y": 1217, "w": 85, "h": 95}, "rotated": false, "trimed": false, "spriteSourceSize": {"x": 0, "y": 0, "w": 85, "h": 95}, "sourceSize": {"w": 85, "h": 95}}, "bs_tnt": {"frame": {"x": 408, "y": 1153, "w": 85, "h": 95}, "rotated": false, "trimed": false, "spriteSourceSize": {"x": 0, "y": 0, "w": 85, "h": 95}, "sourceSize": {"w": 85, "h": 95}}, "bs_wand-bw": {"frame": {"x": 2, "y": 1235, "w": 85, "h": 95}, "rotated": false, "trimed": false, "spriteSourceSize": {"x": 0, "y": 0, "w": 85, "h": 95}, "sourceSize": {"w": 85, "h": 95}}, "bs_wand": {"frame": {"x": 686, "y": 1075, "w": 85, "h": 95}, "rotated": false, "trimed": false, "spriteSourceSize": {"x": 0, "y": 0, "w": 85, "h": 95}, "sourceSize": {"w": 85, "h": 95}}, "booster-active": {"frame": {"x": 773, "y": 1075, "w": 90, "h": 83}, "rotated": false, "trimed": false, "spriteSourceSize": {"x": 0, "y": 0, "w": 90, "h": 83}, "sourceSize": {"w": 90, "h": 83}}, "booster-bw": {"frame": {"x": 865, "y": 1075, "w": 90, "h": 83}, "rotated": false, "trimed": false, "spriteSourceSize": {"x": 0, "y": 0, "w": 90, "h": 83}, "sourceSize": {"w": 90, "h": 83}}, "booster": {"frame": {"x": 865, "y": 1160, "w": 90, "h": 83}, "rotated": false, "trimed": false, "spriteSourceSize": {"x": 0, "y": 0, "w": 90, "h": 83}, "sourceSize": {"w": 90, "h": 83}}, "exit_button": {"frame": {"x": 773, "y": 1160, "w": 90, "h": 90}, "rotated": false, "trimed": false, "spriteSourceSize": {"x": 0, "y": 0, "w": 90, "h": 90}, "sourceSize": {"w": 90, "h": 90}}, "home_button": {"frame": {"x": 957, "y": 1161, "w": 90, "h": 90}, "rotated": false, "trimed": false, "spriteSourceSize": {"x": 0, "y": 0, "w": 90, "h": 90}, "sourceSize": {"w": 90, "h": 90}}, "max_butt": {"frame": {"x": 865, "y": 1245, "w": 90, "h": 90}, "rotated": false, "trimed": false, "spriteSourceSize": {"x": 0, "y": 0, "w": 90, "h": 90}, "sourceSize": {"w": 90, "h": 90}}, "min_butt": {"frame": {"x": 1049, "y": 1161, "w": 90, "h": 90}, "rotated": false, "trimed": false, "spriteSourceSize": {"x": 0, "y": 0, "w": 90, "h": 90}, "sourceSize": {"w": 90, "h": 90}}, "pause": {"frame": {"x": 1141, "y": 1194, "w": 90, "h": 90}, "rotated": false, "trimed": false, "spriteSourceSize": {"x": 0, "y": 0, "w": 90, "h": 90}, "sourceSize": {"w": 90, "h": 90}}, "pause_play": {"frame": {"x": 957, "y": 1253, "w": 90, "h": 90}, "rotated": false, "trimed": false, "spriteSourceSize": {"x": 0, "y": 0, "w": 90, "h": 90}, "sourceSize": {"w": 90, "h": 90}}, "settings-button": {"frame": {"x": 1049, "y": 1253, "w": 90, "h": 90}, "rotated": false, "trimed": false, "spriteSourceSize": {"x": 0, "y": 0, "w": 90, "h": 90}, "sourceSize": {"w": 90, "h": 90}}, "yes-button": {"frame": {"x": 1141, "y": 1286, "w": 90, "h": 90}, "rotated": false, "trimed": false, "spriteSourceSize": {"x": 0, "y": 0, "w": 90, "h": 90}, "sourceSize": {"w": 90, "h": 90}}, "coin": {"frame": {"x": 1363, "y": 747, "w": 80, "h": 89}, "rotated": false, "trimed": false, "spriteSourceSize": {"x": 0, "y": 0, "w": 80, "h": 89}, "sourceSize": {"w": 80, "h": 89}}, "bomb_h_left": {"frame": {"x": 1806, "y": 1191, "w": 44, "h": 78}, "rotated": false, "trimed": false, "spriteSourceSize": {"x": 0, "y": 0, "w": 44, "h": 78}, "sourceSize": {"w": 44, "h": 78}}, "bomb_h_right": {"frame": {"x": 1996, "y": 124, "w": 45, "h": 77}, "rotated": false, "trimed": false, "spriteSourceSize": {"x": 0, "y": 0, "w": 45, "h": 77}, "sourceSize": {"w": 45, "h": 77}}, "bomb_v_down": {"frame": {"x": 1501, "y": 857, "w": 77, "h": 45}, "rotated": false, "trimed": false, "spriteSourceSize": {"x": 0, "y": 0, "w": 77, "h": 45}, "sourceSize": {"w": 77, "h": 45}}, "bomb_v_up": {"frame": {"x": 1750, "y": 1018, "w": 77, "h": 44}, "rotated": false, "trimed": false, "spriteSourceSize": {"x": 0, "y": 0, "w": 77, "h": 44}, "sourceSize": {"w": 77, "h": 44}}, "x-button": {"frame": {"x": 957, "y": 1075, "w": 77, "h": 77}, "rotated": false, "trimed": false, "spriteSourceSize": {"x": 0, "y": 0, "w": 77, "h": 77}, "sourceSize": {"w": 77, "h": 77}}, "fish2": {"frame": {"x": 1304, "y": 408, "w": 62, "h": 75}, "rotated": false, "trimed": false, "spriteSourceSize": {"x": 0, "y": 0, "w": 62, "h": 75}, "sourceSize": {"w": 62, "h": 75}}, "dropper2": {"frame": {"x": 1989, "y": 788, "w": 54, "h": 62}, "rotated": false, "trimed": false, "spriteSourceSize": {"x": 0, "y": 0, "w": 54, "h": 62}, "sourceSize": {"w": 54, "h": 62}}, "gch_part_1_1": {"frame": {"x": 1304, "y": 485, "w": 60, "h": 43}, "rotated": false, "trimed": false, "spriteSourceSize": {"x": 0, "y": 0, "w": 60, "h": 43}, "sourceSize": {"w": 60, "h": 43}}, "gch_part_2_1": {"frame": {"x": 564, "y": 1031, "w": 60, "h": 41}, "rotated": false, "trimed": false, "spriteSourceSize": {"x": 0, "y": 0, "w": 60, "h": 41}, "sourceSize": {"w": 60, "h": 41}}, "main_bar1": {"frame": {"x": 1304, "y": 530, "w": 60, "h": 60}, "rotated": false, "trimed": false, "spriteSourceSize": {"x": 0, "y": 0, "w": 60, "h": 60}, "sourceSize": {"w": 60, "h": 60}}, "gch_part_3_3": {"frame": {"x": 1978, "y": 1069, "w": 59, "h": 54}, "rotated": false, "trimed": false, "spriteSourceSize": {"x": 0, "y": 0, "w": 59, "h": 54}, "sourceSize": {"w": 59, "h": 54}}, "gch_part_2_3": {"frame": {"x": 1989, "y": 852, "w": 55, "h": 58}, "rotated": false, "trimed": false, "spriteSourceSize": {"x": 0, "y": 0, "w": 55, "h": 58}, "sourceSize": {"w": 55, "h": 58}}, "gch_part_3_2": {"frame": {"x": 1989, "y": 912, "w": 55, "h": 42}, "rotated": false, "trimed": false, "spriteSourceSize": {"x": 0, "y": 0, "w": 55, "h": 42}, "sourceSize": {"w": 55, "h": 42}}, "gch_part_1_2": {"frame": {"x": 650, "y": 897, "w": 53, "h": 42}, "rotated": false, "trimed": false, "spriteSourceSize": {"x": 0, "y": 0, "w": 53, "h": 42}, "sourceSize": {"w": 53, "h": 42}}, "gch_part_0_1": {"frame": {"x": 1989, "y": 956, "w": 52, "h": 46}, "rotated": false, "trimed": false, "spriteSourceSize": {"x": 0, "y": 0, "w": 52, "h": 46}, "sourceSize": {"w": 52, "h": 46}}, "gch_part_6_1": {"frame": {"x": 1588, "y": 713, "w": 39, "h": 50}, "rotated": false, "trimed": false, "spriteSourceSize": {"x": 0, "y": 0, "w": 39, "h": 50}, "sourceSize": {"w": 39, "h": 50}}, "fire-s-1": {"frame": {"x": 286, "y": 1095, "w": 32, "h": 49}, "rotated": false, "trimed": false, "spriteSourceSize": {"x": 0, "y": 0, "w": 32, "h": 49}, "sourceSize": {"w": 32, "h": 49}}, "fire-s-2": {"frame": {"x": 251, "y": 1217, "w": 32, "h": 49}, "rotated": false, "trimed": false, "spriteSourceSize": {"x": 0, "y": 0, "w": 32, "h": 49}, "sourceSize": {"w": 32, "h": 49}}, "fire-s-3": {"frame": {"x": 251, "y": 1268, "w": 32, "h": 49}, "rotated": false, "trimed": false, "spriteSourceSize": {"x": 0, "y": 0, "w": 32, "h": 49}, "sourceSize": {"w": 32, "h": 49}}, "gch_part_1_3": {"frame": {"x": 1989, "y": 1004, "w": 49, "h": 44}, "rotated": false, "trimed": false, "spriteSourceSize": {"x": 0, "y": 0, "w": 49, "h": 44}, "sourceSize": {"w": 49, "h": 44}}, "clock": {"frame": {"x": 1996, "y": 203, "w": 45, "h": 48}, "rotated": false, "trimed": false, "spriteSourceSize": {"x": 0, "y": 0, "w": 45, "h": 48}, "sourceSize": {"w": 45, "h": 48}}, "gch_part_6_2": {"frame": {"x": 1996, "y": 253, "w": 48, "h": 42}, "rotated": false, "trimed": false, "spriteSourceSize": {"x": 0, "y": 0, "w": 48, "h": 42}, "sourceSize": {"w": 48, "h": 42}}, "stuha_star": {"frame": {"x": 1996, "y": 297, "w": 47, "h": 45}, "rotated": false, "trimed": false, "spriteSourceSize": {"x": 0, "y": 0, "w": 47, "h": 45}, "sourceSize": {"w": 47, "h": 45}}, "gch_part_0_2": {"frame": {"x": 1996, "y": 344, "w": 46, "h": 46}, "rotated": false, "trimed": false, "spriteSourceSize": {"x": 0, "y": 0, "w": 46, "h": 46}, "sourceSize": {"w": 46, "h": 46}}, "gch_part_3_1": {"frame": {"x": 1046, "y": 941, "w": 30, "h": 46}, "rotated": false, "trimed": false, "spriteSourceSize": {"x": 0, "y": 0, "w": 30, "h": 46}, "sourceSize": {"w": 30, "h": 46}}, "gch_part_0_3": {"frame": {"x": 1996, "y": 392, "w": 45, "h": 37}, "rotated": false, "trimed": false, "spriteSourceSize": {"x": 0, "y": 0, "w": 45, "h": 37}, "sourceSize": {"w": 45, "h": 37}}, "gch_part_5_1": {"frame": {"x": 647, "y": 293, "w": 40, "h": 45}, "rotated": false, "trimed": false, "spriteSourceSize": {"x": 0, "y": 0, "w": 40, "h": 45}, "sourceSize": {"w": 40, "h": 45}}, "booster_number-bw": {"frame": {"x": 1996, "y": 431, "w": 44, "h": 44}, "rotated": false, "trimed": false, "spriteSourceSize": {"x": 0, "y": 0, "w": 44, "h": 44}, "sourceSize": {"w": 44, "h": 44}}, "booster_number": {"frame": {"x": 1996, "y": 477, "w": 44, "h": 44}, "rotated": false, "trimed": false, "spriteSourceSize": {"x": 0, "y": 0, "w": 44, "h": 44}, "sourceSize": {"w": 44, "h": 44}}, "booster_number_plus": {"frame": {"x": 346, "y": 685, "w": 44, "h": 44}, "rotated": false, "trimed": false, "spriteSourceSize": {"x": 0, "y": 0, "w": 44, "h": 44}, "sourceSize": {"w": 44, "h": 44}}, "gch_part_2_2": {"frame": {"x": 1806, "y": 1271, "w": 40, "h": 38}, "rotated": false, "trimed": false, "spriteSourceSize": {"x": 0, "y": 0, "w": 40, "h": 38}, "sourceSize": {"w": 40, "h": 38}}, "gch_part_4_1": {"frame": {"x": 1725, "y": 767, "w": 40, "h": 31}, "rotated": false, "trimed": false, "spriteSourceSize": {"x": 0, "y": 0, "w": 40, "h": 31}, "sourceSize": {"w": 40, "h": 31}}, "gch_part_4_2": {"frame": {"x": 647, "y": 340, "w": 40, "h": 35}, "rotated": false, "trimed": false, "spriteSourceSize": {"x": 0, "y": 0, "w": 40, "h": 35}, "sourceSize": {"w": 40, "h": 35}}, "gch_part_4_3": {"frame": {"x": 705, "y": 897, "w": 40, "h": 38}, "rotated": false, "trimed": false, "spriteSourceSize": {"x": 0, "y": 0, "w": 40, "h": 38}, "sourceSize": {"w": 40, "h": 38}}, "gch_part_6_3": {"frame": {"x": 1521, "y": 189, "w": 33, "h": 39}, "rotated": false, "trimed": false, "spriteSourceSize": {"x": 0, "y": 0, "w": 33, "h": 39}, "sourceSize": {"w": 33, "h": 39}}, "conf1": {"frame": {"x": 1971, "y": 518, "w": 23, "h": 38}, "rotated": false, "trimed": false, "spriteSourceSize": {"x": 0, "y": 0, "w": 23, "h": 38}, "sourceSize": {"w": 23, "h": 38}}, "conf2": {"frame": {"x": 1829, "y": 1018, "w": 23, "h": 38}, "rotated": false, "trimed": false, "spriteSourceSize": {"x": 0, "y": 0, "w": 23, "h": 38}, "sourceSize": {"w": 23, "h": 38}}, "conf3": {"frame": {"x": 2018, "y": 2, "w": 23, "h": 38}, "rotated": false, "trimed": false, "spriteSourceSize": {"x": 0, "y": 0, "w": 23, "h": 38}, "sourceSize": {"w": 23, "h": 38}}, "conf4": {"frame": {"x": 2018, "y": 42, "w": 23, "h": 38}, "rotated": false, "trimed": false, "spriteSourceSize": {"x": 0, "y": 0, "w": 23, "h": 38}, "sourceSize": {"w": 23, "h": 38}}, "conf5": {"frame": {"x": 2018, "y": 82, "w": 23, "h": 38}, "rotated": false, "trimed": false, "spriteSourceSize": {"x": 0, "y": 0, "w": 23, "h": 38}, "sourceSize": {"w": 23, "h": 38}}, "ad_icon": {"frame": {"x": 1310, "y": 1060, "w": 36, "h": 34}, "rotated": false, "trimed": false, "spriteSourceSize": {"x": 0, "y": 0, "w": 36, "h": 34}, "sourceSize": {"w": 36, "h": 34}}, "gch_part_5_3": {"frame": {"x": 2015, "y": 1125, "w": 27, "h": 35}, "rotated": false, "trimed": false, "spriteSourceSize": {"x": 0, "y": 0, "w": 27, "h": 35}, "sourceSize": {"w": 27, "h": 35}}, "gch_part_5_2": {"frame": {"x": 1978, "y": 1125, "w": 34, "h": 30}, "rotated": false, "trimed": false, "spriteSourceSize": {"x": 0, "y": 0, "w": 34, "h": 30}, "sourceSize": {"w": 34, "h": 30}}, "board_corner": {"frame": {"x": 1046, "y": 989, "w": 30, "h": 30}, "rotated": false, "trimed": false, "spriteSourceSize": {"x": 0, "y": 0, "w": 30, "h": 30}, "sourceSize": {"w": 30, "h": 30}}, "freez_partikle_10": {"frame": {"x": 626, "y": 1031, "w": 22, "h": 16}, "rotated": false, "trimed": false, "spriteSourceSize": {"x": 0, "y": 0, "w": 22, "h": 16}, "sourceSize": {"w": 22, "h": 16}}, "main_bar2": {"frame": {"x": 346, "y": 731, "w": 21, "h": 20}, "rotated": false, "trimed": false, "spriteSourceSize": {"x": 0, "y": 0, "w": 21, "h": 20}, "sourceSize": {"w": 21, "h": 20}}, "l_5": {"frame": {"x": 1989, "y": 1050, "w": 17, "h": 17}, "rotated": false, "trimed": false, "spriteSourceSize": {"x": 0, "y": 0, "w": 17, "h": 17}, "sourceSize": {"w": 17, "h": 17}}, "l_6": {"frame": {"x": 2008, "y": 1050, "w": 17, "h": 17}, "rotated": false, "trimed": false, "spriteSourceSize": {"x": 0, "y": 0, "w": 17, "h": 17}, "sourceSize": {"w": 17, "h": 17}}, "loader_circle": {"frame": {"x": 1562, "y": 1174, "w": 14, "h": 14}, "rotated": false, "trimed": false, "spriteSourceSize": {"x": 0, "y": 0, "w": 14, "h": 14}, "sourceSize": {"w": 14, "h": 14}}, "l_3": {"frame": {"x": 1578, "y": 1174, "w": 14, "h": 14}, "rotated": false, "trimed": false, "spriteSourceSize": {"x": 0, "y": 0, "w": 14, "h": 14}, "sourceSize": {"w": 14, "h": 14}}, "l_4": {"frame": {"x": 1594, "y": 1174, "w": 14, "h": 14}, "rotated": false, "trimed": false, "spriteSourceSize": {"x": 0, "y": 0, "w": 14, "h": 14}, "sourceSize": {"w": 14, "h": 14}}, "l_2": {"frame": {"x": 1829, "y": 1058, "w": 9, "h": 9}, "rotated": false, "trimed": false, "spriteSourceSize": {"x": 0, "y": 0, "w": 9, "h": 9}, "sourceSize": {"w": 9, "h": 9}}, "l_1": {"frame": {"x": 1848, "y": 1271, "w": 6, "h": 6}, "rotated": false, "trimed": false, "spriteSourceSize": {"x": 0, "y": 0, "w": 6, "h": 6}, "sourceSize": {"w": 6, "h": 6}}, "5px_empty": {"frame": {"x": 2039, "y": 1050, "w": 5, "h": 5}, "rotated": false, "trimed": false, "spriteSourceSize": {"x": 0, "y": 0, "w": 5, "h": 5}, "sourceSize": {"w": 5, "h": 5}}}, "meta": {"image": "../../assets/img/pk/game1.png", "format": "RGBA8888", "size": {"w": 2048, "h": 2048}, "scale": 1}}