{"frames": {"lose-tabulka": {"frame": {"x": 2, "y": 2, "w": 400, "h": 476}, "rotated": false, "trimed": false, "spriteSourceSize": {"x": 0, "y": 0, "w": 400, "h": 476}, "sourceSize": {"w": 400, "h": 476}}, "ad-tabulka": {"frame": {"x": 404, "y": 2, "w": 398, "h": 274}, "rotated": false, "trimed": false, "spriteSourceSize": {"x": 0, "y": 0, "w": 398, "h": 274}, "sourceSize": {"w": 398, "h": 274}}, "win-tabulka": {"frame": {"x": 2, "y": 480, "w": 398, "h": 380}, "rotated": false, "trimed": false, "spriteSourceSize": {"x": 0, "y": 0, "w": 398, "h": 380}, "sourceSize": {"w": 398, "h": 380}}, "winner_graph": {"frame": {"x": 2, "y": 862, "w": 385, "h": 69}, "rotated": false, "trimed": false, "spriteSourceSize": {"x": 0, "y": 0, "w": 385, "h": 69}, "sourceSize": {"w": 385, "h": 69}}, "play_btn": {"frame": {"x": 404, "y": 278, "w": 342, "h": 170}, "rotated": false, "trimed": false, "spriteSourceSize": {"x": 0, "y": 0, "w": 342, "h": 170}, "sourceSize": {"w": 342, "h": 170}}, "coins_tabulka": {"frame": {"x": 748, "y": 278, "w": 260, "h": 99}, "rotated": false, "trimed": false, "spriteSourceSize": {"x": 0, "y": 0, "w": 260, "h": 99}, "sourceSize": {"w": 260, "h": 99}}, "continue_btn": {"frame": {"x": 2, "y": 933, "w": 220, "h": 61}, "rotated": false, "trimed": false, "spriteSourceSize": {"x": 0, "y": 0, "w": 220, "h": 61}, "sourceSize": {"w": 220, "h": 61}}, "cool-coin": {"frame": {"x": 804, "y": 2, "w": 185, "h": 189}, "rotated": false, "trimed": false, "spriteSourceSize": {"x": 0, "y": 0, "w": 185, "h": 189}, "sourceSize": {"w": 185, "h": 189}}, "ad-button": {"frame": {"x": 389, "y": 862, "w": 185, "h": 115}, "rotated": false, "trimed": false, "spriteSourceSize": {"x": 0, "y": 0, "w": 185, "h": 115}, "sourceSize": {"w": 185, "h": 115}}, "blue_btn": {"frame": {"x": 748, "y": 379, "w": 175, "h": 98}, "rotated": false, "trimed": false, "spriteSourceSize": {"x": 0, "y": 0, "w": 175, "h": 98}, "sourceSize": {"w": 175, "h": 98}}, "ad-button2": {"frame": {"x": 404, "y": 450, "w": 173, "h": 126}, "rotated": false, "trimed": false, "spriteSourceSize": {"x": 0, "y": 0, "w": 173, "h": 126}, "sourceSize": {"w": 173, "h": 126}}, "coin_small": {"frame": {"x": 925, "y": 379, "w": 80, "h": 89}, "rotated": false, "trimed": false, "spriteSourceSize": {"x": 0, "y": 0, "w": 80, "h": 89}, "sourceSize": {"w": 80, "h": 89}}, "x-button": {"frame": {"x": 804, "y": 193, "w": 77, "h": 77}, "rotated": false, "trimed": false, "spriteSourceSize": {"x": 0, "y": 0, "w": 77, "h": 77}, "sourceSize": {"w": 77, "h": 77}}, "info-tabulka-part": {"frame": {"x": 883, "y": 193, "w": 72, "h": 72}, "rotated": false, "trimed": false, "spriteSourceSize": {"x": 0, "y": 0, "w": 72, "h": 72}, "sourceSize": {"w": 72, "h": 72}}, "claimed": {"frame": {"x": 224, "y": 979, "w": 45, "h": 35}, "rotated": false, "trimed": false, "spriteSourceSize": {"x": 0, "y": 0, "w": 45, "h": 35}, "sourceSize": {"w": 45, "h": 35}}, "x": {"frame": {"x": 271, "y": 979, "w": 45, "h": 35}, "rotated": false, "trimed": false, "spriteSourceSize": {"x": 0, "y": 0, "w": 45, "h": 35}, "sourceSize": {"w": 45, "h": 35}}, "ad_icon": {"frame": {"x": 318, "y": 979, "w": 43, "h": 41}, "rotated": false, "trimed": false, "spriteSourceSize": {"x": 0, "y": 0, "w": 43, "h": 41}, "sourceSize": {"w": 43, "h": 41}}, "winner_graph_pointer": {"frame": {"x": 318, "y": 933, "w": 42, "h": 42}, "rotated": false, "trimed": false, "spriteSourceSize": {"x": 0, "y": 0, "w": 42, "h": 42}, "sourceSize": {"w": 42, "h": 42}}}, "meta": {"image": "../../assets/img/pk/go.png", "format": "RGBA8888", "size": {"w": 1024, "h": 1024}, "scale": 1}}