{"frames": {"logo_ru": {"frame": {"x": 2, "y": 2, "w": 1193, "h": 506}, "rotated": false, "trimed": false, "spriteSourceSize": {"x": 0, "y": 0, "w": 1193, "h": 506}, "sourceSize": {"w": 1193, "h": 506}}, "logo": {"frame": {"x": 2, "y": 510, "w": 917, "h": 506}, "rotated": false, "trimed": false, "spriteSourceSize": {"x": 0, "y": 0, "w": 917, "h": 506}, "sourceSize": {"w": 917, "h": 506}}, "loading_bar": {"frame": {"x": 1197, "y": 2, "w": 503, "h": 92}, "rotated": false, "trimed": false, "spriteSourceSize": {"x": 0, "y": 0, "w": 503, "h": 92}, "sourceSize": {"w": 503, "h": 92}}, "loading_bar1": {"frame": {"x": 1197, "y": 96, "w": 473, "h": 62}, "rotated": false, "trimed": false, "spriteSourceSize": {"x": 0, "y": 0, "w": 473, "h": 62}, "sourceSize": {"w": 473, "h": 62}}, "inlogic-logo": {"frame": {"x": 921, "y": 510, "w": 410, "h": 314}, "rotated": false, "trimed": false, "spriteSourceSize": {"x": 0, "y": 0, "w": 410, "h": 314}, "sourceSize": {"w": 410, "h": 314}}}, "meta": {"image": "../../assets/img/pk/loading.png", "format": "RGBA8888", "size": {"w": 2048, "h": 1024}, "scale": 1}}