{"frames": {"settings-tabulka": {"frame": {"x": 2, "y": 2, "w": 448, "h": 741}, "rotated": false, "trimed": false, "spriteSourceSize": {"x": 0, "y": 0, "w": 448, "h": 741}, "sourceSize": {"w": 448, "h": 741}}, "banner": {"frame": {"x": 2, "y": 745, "w": 649, "h": 220}, "rotated": false, "trimed": false, "spriteSourceSize": {"x": 0, "y": 0, "w": 649, "h": 220}, "sourceSize": {"w": 649, "h": 220}}, "daily-tabulka": {"frame": {"x": 452, "y": 2, "w": 448, "h": 608}, "rotated": false, "trimed": false, "spriteSourceSize": {"x": 0, "y": 0, "w": 448, "h": 608}, "sourceSize": {"w": 448, "h": 608}}, "shop_tab": {"frame": {"x": 2, "y": 967, "w": 448, "h": 478}, "rotated": false, "trimed": false, "spriteSourceSize": {"x": 0, "y": 0, "w": 448, "h": 478}, "sourceSize": {"w": 448, "h": 478}}, "shop-timer": {"frame": {"x": 452, "y": 612, "w": 394, "h": 113}, "rotated": false, "trimed": false, "spriteSourceSize": {"x": 0, "y": 0, "w": 394, "h": 113}, "sourceSize": {"w": 394, "h": 113}}, "shop_part": {"frame": {"x": 452, "y": 967, "w": 386, "h": 78}, "rotated": false, "trimed": false, "spriteSourceSize": {"x": 0, "y": 0, "w": 386, "h": 78}, "sourceSize": {"w": 386, "h": 78}}, "daily-tabulka-rewards": {"frame": {"x": 653, "y": 727, "w": 347, "h": 183}, "rotated": false, "trimed": false, "spriteSourceSize": {"x": 0, "y": 0, "w": 347, "h": 183}, "sourceSize": {"w": 347, "h": 183}}, "bar1": {"frame": {"x": 653, "y": 912, "w": 227, "h": 44}, "rotated": false, "trimed": false, "spriteSourceSize": {"x": 0, "y": 0, "w": 227, "h": 44}, "sourceSize": {"w": 227, "h": 44}}, "bar2": {"frame": {"x": 452, "y": 1047, "w": 227, "h": 44}, "rotated": false, "trimed": false, "spriteSourceSize": {"x": 0, "y": 0, "w": 227, "h": 44}, "sourceSize": {"w": 227, "h": 44}}, "spin-button": {"frame": {"x": 681, "y": 1047, "w": 200, "h": 106}, "rotated": false, "trimed": false, "spriteSourceSize": {"x": 0, "y": 0, "w": 200, "h": 106}, "sourceSize": {"w": 200, "h": 106}}, "spin-button_gray": {"frame": {"x": 452, "y": 1093, "w": 200, "h": 106}, "rotated": false, "trimed": false, "spriteSourceSize": {"x": 0, "y": 0, "w": 200, "h": 106}, "sourceSize": {"w": 200, "h": 106}}, "spin-timer": {"frame": {"x": 654, "y": 1155, "w": 197, "h": 113}, "rotated": false, "trimed": false, "spriteSourceSize": {"x": 0, "y": 0, "w": 197, "h": 113}, "sourceSize": {"w": 197, "h": 113}}, "logo-inl": {"frame": {"x": 853, "y": 1155, "w": 159, "h": 118}, "rotated": false, "trimed": false, "spriteSourceSize": {"x": 0, "y": 0, "w": 159, "h": 118}, "sourceSize": {"w": 159, "h": 118}}, "flag_br": {"frame": {"x": 452, "y": 1201, "w": 140, "h": 121}, "rotated": false, "trimed": false, "spriteSourceSize": {"x": 0, "y": 0, "w": 140, "h": 121}, "sourceSize": {"w": 140, "h": 121}}, "flag_de": {"frame": {"x": 594, "y": 1270, "w": 140, "h": 121}, "rotated": false, "trimed": false, "spriteSourceSize": {"x": 0, "y": 0, "w": 140, "h": 121}, "sourceSize": {"w": 140, "h": 121}}, "flag_en": {"frame": {"x": 452, "y": 1324, "w": 140, "h": 121}, "rotated": false, "trimed": false, "spriteSourceSize": {"x": 0, "y": 0, "w": 140, "h": 121}, "sourceSize": {"w": 140, "h": 121}}, "flag_es": {"frame": {"x": 736, "y": 1275, "w": 140, "h": 121}, "rotated": false, "trimed": false, "spriteSourceSize": {"x": 0, "y": 0, "w": 140, "h": 121}, "sourceSize": {"w": 140, "h": 121}}, "flag_fr": {"frame": {"x": 594, "y": 1393, "w": 140, "h": 121}, "rotated": false, "trimed": false, "spriteSourceSize": {"x": 0, "y": 0, "w": 140, "h": 121}, "sourceSize": {"w": 140, "h": 121}}, "flag_it": {"frame": {"x": 878, "y": 1275, "w": 140, "h": 121}, "rotated": false, "trimed": false, "spriteSourceSize": {"x": 0, "y": 0, "w": 140, "h": 121}, "sourceSize": {"w": 140, "h": 121}}, "flag_ru": {"frame": {"x": 878, "y": 1398, "w": 140, "h": 121}, "rotated": false, "trimed": false, "spriteSourceSize": {"x": 0, "y": 0, "w": 140, "h": 121}, "sourceSize": {"w": 140, "h": 121}}, "daily-7_1": {"frame": {"x": 883, "y": 912, "w": 132, "h": 136}, "rotated": false, "trimed": false, "spriteSourceSize": {"x": 0, "y": 0, "w": 132, "h": 136}, "sourceSize": {"w": 132, "h": 136}}, "daily-7_2": {"frame": {"x": 736, "y": 1398, "w": 132, "h": 136}, "rotated": false, "trimed": false, "spriteSourceSize": {"x": 0, "y": 0, "w": 132, "h": 136}, "sourceSize": {"w": 132, "h": 136}}, "daily-butt1": {"frame": {"x": 870, "y": 1521, "w": 132, "h": 136}, "rotated": false, "trimed": false, "spriteSourceSize": {"x": 0, "y": 0, "w": 132, "h": 136}, "sourceSize": {"w": 132, "h": 136}}, "daily-butt2": {"frame": {"x": 2, "y": 1659, "w": 132, "h": 136}, "rotated": false, "trimed": false, "spriteSourceSize": {"x": 0, "y": 0, "w": 132, "h": 136}, "sourceSize": {"w": 132, "h": 136}}, "daily-butt3": {"frame": {"x": 2, "y": 1516, "w": 132, "h": 136}, "rotated": false, "trimed": false, "spriteSourceSize": {"x": 0, "y": 0, "w": 132, "h": 136}, "sourceSize": {"w": 132, "h": 136}}, "shop_ad_btn": {"frame": {"x": 902, "y": 2, "w": 114, "h": 72}, "rotated": false, "trimed": false, "spriteSourceSize": {"x": 0, "y": 0, "w": 114, "h": 72}, "sourceSize": {"w": 114, "h": 72}}, "shop_blue_btn": {"frame": {"x": 902, "y": 76, "w": 114, "h": 72}, "rotated": false, "trimed": false, "spriteSourceSize": {"x": 0, "y": 0, "w": 114, "h": 72}, "sourceSize": {"w": 114, "h": 72}}, "shop_grey_btn": {"frame": {"x": 902, "y": 150, "w": 114, "h": 72}, "rotated": false, "trimed": false, "spriteSourceSize": {"x": 0, "y": 0, "w": 114, "h": 72}, "sourceSize": {"w": 114, "h": 72}}, "pod-vlajky": {"frame": {"x": 883, "y": 1050, "w": 98, "h": 89}, "rotated": false, "trimed": false, "spriteSourceSize": {"x": 0, "y": 0, "w": 98, "h": 89}, "sourceSize": {"w": 98, "h": 89}}, "bs_saw-bw": {"frame": {"x": 848, "y": 612, "w": 85, "h": 95}, "rotated": false, "trimed": false, "spriteSourceSize": {"x": 0, "y": 0, "w": 85, "h": 95}, "sourceSize": {"w": 85, "h": 95}}, "bs_saw": {"frame": {"x": 935, "y": 224, "w": 85, "h": 95}, "rotated": false, "trimed": false, "spriteSourceSize": {"x": 0, "y": 0, "w": 85, "h": 95}, "sourceSize": {"w": 85, "h": 95}}, "bs_spray-bw": {"frame": {"x": 935, "y": 321, "w": 85, "h": 95}, "rotated": false, "trimed": false, "spriteSourceSize": {"x": 0, "y": 0, "w": 85, "h": 95}, "sourceSize": {"w": 85, "h": 95}}, "bs_spray": {"frame": {"x": 935, "y": 418, "w": 85, "h": 95}, "rotated": false, "trimed": false, "spriteSourceSize": {"x": 0, "y": 0, "w": 85, "h": 95}, "sourceSize": {"w": 85, "h": 95}}, "bs_tnt-bw": {"frame": {"x": 902, "y": 515, "w": 85, "h": 95}, "rotated": false, "trimed": false, "spriteSourceSize": {"x": 0, "y": 0, "w": 85, "h": 95}, "sourceSize": {"w": 85, "h": 95}}, "bs_tnt": {"frame": {"x": 935, "y": 612, "w": 85, "h": 95}, "rotated": false, "trimed": false, "spriteSourceSize": {"x": 0, "y": 0, "w": 85, "h": 95}, "sourceSize": {"w": 85, "h": 95}}, "bs_wand-bw": {"frame": {"x": 136, "y": 1536, "w": 85, "h": 95}, "rotated": false, "trimed": false, "spriteSourceSize": {"x": 0, "y": 0, "w": 85, "h": 95}, "sourceSize": {"w": 85, "h": 95}}, "bs_wand": {"frame": {"x": 2, "y": 1797, "w": 85, "h": 95}, "rotated": false, "trimed": false, "spriteSourceSize": {"x": 0, "y": 0, "w": 85, "h": 95}, "sourceSize": {"w": 85, "h": 95}}, "stuzka-cisla-bw": {"frame": {"x": 2, "y": 1447, "w": 91, "h": 54}, "rotated": false, "trimed": false, "spriteSourceSize": {"x": 0, "y": 0, "w": 91, "h": 54}, "sourceSize": {"w": 91, "h": 54}}, "stuzka-cisla": {"frame": {"x": 95, "y": 1447, "w": 91, "h": 54}, "rotated": false, "trimed": false, "spriteSourceSize": {"x": 0, "y": 0, "w": 91, "h": 54}, "sourceSize": {"w": 91, "h": 54}}, "coin": {"frame": {"x": 2, "y": 1894, "w": 80, "h": 89}, "rotated": false, "trimed": false, "spriteSourceSize": {"x": 0, "y": 0, "w": 80, "h": 89}, "sourceSize": {"w": 80, "h": 89}}, "music-off": {"frame": {"x": 188, "y": 1447, "w": 84, "h": 86}, "rotated": false, "trimed": false, "spriteSourceSize": {"x": 0, "y": 0, "w": 84, "h": 86}, "sourceSize": {"w": 84, "h": 86}}, "music-on": {"frame": {"x": 84, "y": 1894, "w": 84, "h": 86}, "rotated": false, "trimed": false, "spriteSourceSize": {"x": 0, "y": 0, "w": 84, "h": 86}, "sourceSize": {"w": 84, "h": 86}}, "sound-off": {"frame": {"x": 89, "y": 1797, "w": 84, "h": 86}, "rotated": false, "trimed": false, "spriteSourceSize": {"x": 0, "y": 0, "w": 84, "h": 86}, "sourceSize": {"w": 84, "h": 86}}, "sound-on": {"frame": {"x": 136, "y": 1659, "w": 84, "h": 86}, "rotated": false, "trimed": false, "spriteSourceSize": {"x": 0, "y": 0, "w": 84, "h": 86}, "sourceSize": {"w": 84, "h": 86}}, "coin-bw": {"frame": {"x": 170, "y": 1885, "w": 80, "h": 83}, "rotated": false, "trimed": false, "spriteSourceSize": {"x": 0, "y": 0, "w": 80, "h": 83}, "sourceSize": {"w": 80, "h": 83}}, "bomb_r-bw": {"frame": {"x": 175, "y": 1747, "w": 80, "h": 80}, "rotated": false, "trimed": false, "spriteSourceSize": {"x": 0, "y": 0, "w": 80, "h": 80}, "sourceSize": {"w": 80, "h": 80}}, "bomb_r": {"frame": {"x": 222, "y": 1659, "w": 80, "h": 80}, "rotated": false, "trimed": false, "spriteSourceSize": {"x": 0, "y": 0, "w": 80, "h": 80}, "sourceSize": {"w": 80, "h": 80}}, "bomb_v-bw": {"frame": {"x": 223, "y": 1536, "w": 80, "h": 80}, "rotated": false, "trimed": false, "spriteSourceSize": {"x": 0, "y": 0, "w": 80, "h": 80}, "sourceSize": {"w": 80, "h": 80}}, "bomb_v": {"frame": {"x": 274, "y": 1447, "w": 80, "h": 80}, "rotated": false, "trimed": false, "spriteSourceSize": {"x": 0, "y": 0, "w": 80, "h": 80}, "sourceSize": {"w": 80, "h": 80}}, "spectrum-1": {"frame": {"x": 252, "y": 1829, "w": 80, "h": 80}, "rotated": false, "trimed": false, "spriteSourceSize": {"x": 0, "y": 0, "w": 80, "h": 80}, "sourceSize": {"w": 80, "h": 80}}, "spectrum-bw": {"frame": {"x": 257, "y": 1741, "w": 80, "h": 80}, "rotated": false, "trimed": false, "spriteSourceSize": {"x": 0, "y": 0, "w": 80, "h": 80}, "sourceSize": {"w": 80, "h": 80}}, "spectrum": {"frame": {"x": 304, "y": 1659, "w": 80, "h": 80}, "rotated": false, "trimed": false, "spriteSourceSize": {"x": 0, "y": 0, "w": 80, "h": 80}, "sourceSize": {"w": 80, "h": 80}}, "x-button": {"frame": {"x": 305, "y": 1536, "w": 77, "h": 77}, "rotated": false, "trimed": false, "spriteSourceSize": {"x": 0, "y": 0, "w": 77, "h": 77}, "sourceSize": {"w": 77, "h": 77}}, "shop_booster_btn": {"frame": {"x": 170, "y": 1970, "w": 71, "h": 72}, "rotated": false, "trimed": false, "spriteSourceSize": {"x": 0, "y": 0, "w": 71, "h": 72}, "sourceSize": {"w": 71, "h": 72}}, "kvacka": {"frame": {"x": 175, "y": 1829, "w": 66, "h": 53}, "rotated": false, "trimed": false, "spriteSourceSize": {"x": 0, "y": 0, "w": 66, "h": 53}, "sourceSize": {"w": 66, "h": 53}}, "sipka1": {"frame": {"x": 84, "y": 1982, "w": 39, "h": 61}, "rotated": false, "trimed": false, "spriteSourceSize": {"x": 0, "y": 0, "w": 39, "h": 61}, "sourceSize": {"w": 39, "h": 61}}, "sipka2": {"frame": {"x": 840, "y": 958, "w": 39, "h": 61}, "rotated": false, "trimed": false, "spriteSourceSize": {"x": 0, "y": 0, "w": 39, "h": 61}, "sourceSize": {"w": 39, "h": 61}}, "timer": {"frame": {"x": 2, "y": 1985, "w": 48, "h": 49}, "rotated": false, "trimed": false, "spriteSourceSize": {"x": 0, "y": 0, "w": 48, "h": 49}, "sourceSize": {"w": 48, "h": 49}}, "timer1": {"frame": {"x": 594, "y": 1201, "w": 48, "h": 49}, "rotated": false, "trimed": false, "spriteSourceSize": {"x": 0, "y": 0, "w": 48, "h": 49}, "sourceSize": {"w": 48, "h": 49}}, "bar-gulicka": {"frame": {"x": 125, "y": 1982, "w": 43, "h": 46}, "rotated": false, "trimed": false, "spriteSourceSize": {"x": 0, "y": 0, "w": 43, "h": 46}, "sourceSize": {"w": 43, "h": 46}}, "coin_sml-bw": {"frame": {"x": 304, "y": 1618, "w": 34, "h": 36}, "rotated": false, "trimed": false, "spriteSourceSize": {"x": 0, "y": 0, "w": 34, "h": 36}, "sourceSize": {"w": 34, "h": 36}}, "coin_sml": {"frame": {"x": 223, "y": 1618, "w": 34, "h": 36}, "rotated": false, "trimed": false, "spriteSourceSize": {"x": 0, "y": 0, "w": 34, "h": 36}, "sourceSize": {"w": 34, "h": 36}}, "timer2": {"frame": {"x": 125, "y": 2030, "w": 5, "h": 13}, "rotated": false, "trimed": false, "spriteSourceSize": {"x": 0, "y": 0, "w": 5, "h": 13}, "sourceSize": {"w": 5, "h": 13}}, "shop_banner": {"frame": {"x": 2, "y": 1656, "w": 1, "h": 1}, "rotated": false, "trimed": false, "spriteSourceSize": {"x": 0, "y": 0, "w": 1, "h": 1}, "sourceSize": {"w": 1, "h": 1}}}, "meta": {"image": "../../assets/img/pk/menu2.png", "format": "RGBA8888", "size": {"w": 1024, "h": 2048}, "scale": 1}}