{"frames": {"glow2": {"frame": {"x": 2, "y": 2, "w": 1272, "h": 905}, "rotated": false, "trimed": false, "spriteSourceSize": {"x": 0, "y": 0, "w": 1272, "h": 905}, "sourceSize": {"w": 1272, "h": 905}}, "glow1": {"frame": {"x": 2, "y": 909, "w": 1076, "h": 1076}, "rotated": false, "trimed": false, "spriteSourceSize": {"x": 0, "y": 0, "w": 1076, "h": 1076}, "sourceSize": {"w": 1076, "h": 1076}}, "banner": {"frame": {"x": 1276, "y": 2, "w": 649, "h": 220}, "rotated": false, "trimed": false, "spriteSourceSize": {"x": 0, "y": 0, "w": 649, "h": 220}, "sourceSize": {"w": 649, "h": 220}}, "wheel1": {"frame": {"x": 1276, "y": 224, "w": 572, "h": 572}, "rotated": false, "trimed": false, "spriteSourceSize": {"x": 0, "y": 0, "w": 572, "h": 572}, "sourceSize": {"w": 572, "h": 572}}, "tabulka-wheel-reward": {"frame": {"x": 1276, "y": 798, "w": 470, "h": 365}, "rotated": false, "trimed": false, "spriteSourceSize": {"x": 0, "y": 0, "w": 470, "h": 365}, "sourceSize": {"w": 470, "h": 365}}, "coin-big": {"frame": {"x": 1080, "y": 1165, "w": 320, "h": 345}, "rotated": false, "trimed": false, "spriteSourceSize": {"x": 0, "y": 0, "w": 320, "h": 345}, "sourceSize": {"w": 320, "h": 345}}, "bs_saw-big": {"frame": {"x": 1748, "y": 798, "w": 213, "h": 238}, "rotated": false, "trimed": false, "spriteSourceSize": {"x": 0, "y": 0, "w": 213, "h": 238}, "sourceSize": {"w": 213, "h": 238}}, "bs_spray-big": {"frame": {"x": 1748, "y": 1038, "w": 213, "h": 238}, "rotated": false, "trimed": false, "spriteSourceSize": {"x": 0, "y": 0, "w": 213, "h": 238}, "sourceSize": {"w": 213, "h": 238}}, "bs_tnt-big": {"frame": {"x": 1402, "y": 1165, "w": 213, "h": 238}, "rotated": false, "trimed": false, "spriteSourceSize": {"x": 0, "y": 0, "w": 213, "h": 238}, "sourceSize": {"w": 213, "h": 238}}, "bs_wand-big": {"frame": {"x": 1617, "y": 1278, "w": 213, "h": 238}, "rotated": false, "trimed": false, "spriteSourceSize": {"x": 0, "y": 0, "w": 213, "h": 238}, "sourceSize": {"w": 213, "h": 238}}, "bomb_r-big": {"frame": {"x": 1080, "y": 1518, "w": 216, "h": 216}, "rotated": false, "trimed": false, "spriteSourceSize": {"x": 0, "y": 0, "w": 216, "h": 216}, "sourceSize": {"w": 216, "h": 216}}, "ad_button1": {"frame": {"x": 1832, "y": 1278, "w": 200, "h": 106}, "rotated": false, "trimed": false, "spriteSourceSize": {"x": 0, "y": 0, "w": 200, "h": 106}, "sourceSize": {"w": 200, "h": 106}}, "ad_button2": {"frame": {"x": 1832, "y": 1386, "w": 200, "h": 106}, "rotated": false, "trimed": false, "spriteSourceSize": {"x": 0, "y": 0, "w": 200, "h": 106}, "sourceSize": {"w": 200, "h": 106}}, "bomb_v-big": {"frame": {"x": 1832, "y": 1494, "w": 200, "h": 200}, "rotated": false, "trimed": false, "spriteSourceSize": {"x": 0, "y": 0, "w": 200, "h": 200}, "sourceSize": {"w": 200, "h": 200}}, "locked_spin": {"frame": {"x": 1402, "y": 1405, "w": 200, "h": 106}, "rotated": false, "trimed": false, "spriteSourceSize": {"x": 0, "y": 0, "w": 200, "h": 106}, "sourceSize": {"w": 200, "h": 106}}, "spin-button": {"frame": {"x": 1298, "y": 1513, "w": 200, "h": 106}, "rotated": false, "trimed": false, "spriteSourceSize": {"x": 0, "y": 0, "w": 200, "h": 106}, "sourceSize": {"w": 200, "h": 106}}, "spin-button_gray": {"frame": {"x": 1500, "y": 1518, "w": 200, "h": 106}, "rotated": false, "trimed": false, "spriteSourceSize": {"x": 0, "y": 0, "w": 200, "h": 106}, "sourceSize": {"w": 200, "h": 106}}, "spin-timer": {"frame": {"x": 1298, "y": 1621, "w": 197, "h": 113}, "rotated": false, "trimed": false, "spriteSourceSize": {"x": 0, "y": 0, "w": 197, "h": 113}, "sourceSize": {"w": 197, "h": 113}}, "spectrum-big": {"frame": {"x": 1850, "y": 224, "w": 192, "h": 192}, "rotated": false, "trimed": false, "spriteSourceSize": {"x": 0, "y": 0, "w": 192, "h": 192}, "sourceSize": {"w": 192, "h": 192}}, "wheel0": {"frame": {"x": 1850, "y": 418, "w": 143, "h": 158}, "rotated": false, "trimed": false, "spriteSourceSize": {"x": 0, "y": 0, "w": 143, "h": 158}, "sourceSize": {"w": 143, "h": 158}}, "bomb_r": {"frame": {"x": 1702, "y": 1518, "w": 120, "h": 120}, "rotated": false, "trimed": false, "spriteSourceSize": {"x": 0, "y": 0, "w": 120, "h": 120}, "sourceSize": {"w": 120, "h": 120}}, "bs_saw": {"frame": {"x": 1617, "y": 1165, "w": 85, "h": 95}, "rotated": false, "trimed": false, "spriteSourceSize": {"x": 0, "y": 0, "w": 85, "h": 95}, "sourceSize": {"w": 85, "h": 95}}, "bs_spray": {"frame": {"x": 1927, "y": 2, "w": 85, "h": 95}, "rotated": false, "trimed": false, "spriteSourceSize": {"x": 0, "y": 0, "w": 85, "h": 95}, "sourceSize": {"w": 85, "h": 95}}, "bs_tnt": {"frame": {"x": 1927, "y": 99, "w": 85, "h": 95}, "rotated": false, "trimed": false, "spriteSourceSize": {"x": 0, "y": 0, "w": 85, "h": 95}, "sourceSize": {"w": 85, "h": 95}}, "bs_wand": {"frame": {"x": 1850, "y": 578, "w": 85, "h": 95}, "rotated": false, "trimed": false, "spriteSourceSize": {"x": 0, "y": 0, "w": 85, "h": 95}, "sourceSize": {"w": 85, "h": 95}}, "stuzka-cisla": {"frame": {"x": 2, "y": 1987, "w": 91, "h": 54}, "rotated": false, "trimed": false, "spriteSourceSize": {"x": 0, "y": 0, "w": 91, "h": 54}, "sourceSize": {"w": 91, "h": 54}}, "coin": {"frame": {"x": 1963, "y": 578, "w": 80, "h": 89}, "rotated": false, "trimed": false, "spriteSourceSize": {"x": 0, "y": 0, "w": 80, "h": 89}, "sourceSize": {"w": 80, "h": 89}}, "wheel2": {"frame": {"x": 1937, "y": 669, "w": 83, "h": 83}, "rotated": false, "trimed": false, "spriteSourceSize": {"x": 0, "y": 0, "w": 83, "h": 83}, "sourceSize": {"w": 83, "h": 83}}, "bomb_v": {"frame": {"x": 1963, "y": 754, "w": 80, "h": 80}, "rotated": false, "trimed": false, "spriteSourceSize": {"x": 0, "y": 0, "w": 80, "h": 80}, "sourceSize": {"w": 80, "h": 80}}, "spectrum": {"frame": {"x": 1963, "y": 836, "w": 80, "h": 80}, "rotated": false, "trimed": false, "spriteSourceSize": {"x": 0, "y": 0, "w": 80, "h": 80}, "sourceSize": {"w": 80, "h": 80}}, "x-button": {"frame": {"x": 1963, "y": 918, "w": 77, "h": 77}, "rotated": false, "trimed": false, "spriteSourceSize": {"x": 0, "y": 0, "w": 77, "h": 77}, "sourceSize": {"w": 77, "h": 77}}, "ziara2": {"frame": {"x": 95, "y": 1987, "w": 50, "h": 50}, "rotated": false, "trimed": false, "spriteSourceSize": {"x": 0, "y": 0, "w": 50, "h": 50}, "sourceSize": {"w": 50, "h": 50}}, "timer": {"frame": {"x": 1995, "y": 418, "w": 48, "h": 49}, "rotated": false, "trimed": false, "spriteSourceSize": {"x": 0, "y": 0, "w": 48, "h": 49}, "sourceSize": {"w": 48, "h": 49}}, "ad_icon": {"frame": {"x": 1850, "y": 754, "w": 43, "h": 41}, "rotated": false, "trimed": false, "spriteSourceSize": {"x": 0, "y": 0, "w": 43, "h": 41}, "sourceSize": {"w": 43, "h": 41}}, "ziara3": {"frame": {"x": 1895, "y": 675, "w": 32, "h": 32}, "rotated": false, "trimed": false, "spriteSourceSize": {"x": 0, "y": 0, "w": 32, "h": 32}, "sourceSize": {"w": 32, "h": 32}}}, "meta": {"image": "../../assets/img/pk/menu3.png", "format": "RGBA8888", "size": {"w": 2048, "h": 2048}, "scale": 1}}