{"frames": {"mission_bar": {"frame": {"x": 2, "y": 2, "w": 691, "h": 119}, "rotated": false, "trimed": false, "spriteSourceSize": {"x": 0, "y": 0, "w": 691, "h": 119}, "sourceSize": {"w": 691, "h": 119}}, "mission_bar_orig": {"frame": {"x": 695, "y": 2, "w": 691, "h": 119}, "rotated": false, "trimed": false, "spriteSourceSize": {"x": 0, "y": 0, "w": 691, "h": 119}, "sourceSize": {"w": 691, "h": 119}}, "curtain_m": {"frame": {"x": 1388, "y": 2, "w": 610, "h": 54}, "rotated": false, "trimed": false, "spriteSourceSize": {"x": 0, "y": 0, "w": 610, "h": 54}, "sourceSize": {"w": 610, "h": 54}}, "mission_bar1": {"frame": {"x": 1388, "y": 58, "w": 600, "h": 119}, "rotated": false, "trimed": false, "spriteSourceSize": {"x": 0, "y": 0, "w": 600, "h": 119}, "sourceSize": {"w": 600, "h": 119}}, "level-tabulka": {"frame": {"x": 2, "y": 123, "w": 545, "h": 538}, "rotated": false, "trimed": false, "spriteSourceSize": {"x": 0, "y": 0, "w": 545, "h": 538}, "sourceSize": {"w": 545, "h": 538}}, "goal-part": {"frame": {"x": 549, "y": 123, "w": 386, "h": 96}, "rotated": false, "trimed": false, "spriteSourceSize": {"x": 0, "y": 0, "w": 386, "h": 96}, "sourceSize": {"w": 386, "h": 96}}, "3-7": {"frame": {"x": 937, "y": 123, "w": 368, "h": 279}, "rotated": false, "trimed": false, "spriteSourceSize": {"x": 0, "y": 0, "w": 368, "h": 279}, "sourceSize": {"w": 368, "h": 279}}, "1-6": {"frame": {"x": 549, "y": 221, "w": 341, "h": 360}, "rotated": false, "trimed": false, "spriteSourceSize": {"x": 0, "y": 0, "w": 341, "h": 360}, "sourceSize": {"w": 341, "h": 360}}, "1-2": {"frame": {"x": 1307, "y": 179, "w": 351, "h": 290}, "rotated": false, "trimed": false, "spriteSourceSize": {"x": 0, "y": 0, "w": 351, "h": 290}, "sourceSize": {"w": 351, "h": 290}}, "1-4": {"frame": {"x": 1660, "y": 179, "w": 350, "h": 287}, "rotated": false, "trimed": false, "spriteSourceSize": {"x": 0, "y": 0, "w": 350, "h": 287}, "sourceSize": {"w": 350, "h": 287}}, "3-2": {"frame": {"x": 1660, "y": 468, "w": 343, "h": 227}, "rotated": false, "trimed": false, "spriteSourceSize": {"x": 0, "y": 0, "w": 343, "h": 227}, "sourceSize": {"w": 343, "h": 227}}, "play_btn": {"frame": {"x": 892, "y": 404, "w": 342, "h": 170}, "rotated": false, "trimed": false, "spriteSourceSize": {"x": 0, "y": 0, "w": 342, "h": 170}, "sourceSize": {"w": 342, "h": 170}}, "spin-button": {"frame": {"x": 1236, "y": 471, "w": 342, "h": 170}, "rotated": false, "trimed": false, "spriteSourceSize": {"x": 0, "y": 0, "w": 342, "h": 170}, "sourceSize": {"w": 342, "h": 170}}, "3-5": {"frame": {"x": 892, "y": 576, "w": 333, "h": 282}, "rotated": false, "trimed": false, "spriteSourceSize": {"x": 0, "y": 0, "w": 333, "h": 282}, "sourceSize": {"w": 333, "h": 282}}, "1-7": {"frame": {"x": 549, "y": 583, "w": 330, "h": 273}, "rotated": false, "trimed": false, "spriteSourceSize": {"x": 0, "y": 0, "w": 330, "h": 273}, "sourceSize": {"w": 330, "h": 273}}, "2-7": {"frame": {"x": 1227, "y": 643, "w": 330, "h": 263}, "rotated": false, "trimed": false, "spriteSourceSize": {"x": 0, "y": 0, "w": 330, "h": 263}, "sourceSize": {"w": 330, "h": 263}}, "3-3": {"frame": {"x": 1559, "y": 697, "w": 327, "h": 330}, "rotated": false, "trimed": false, "spriteSourceSize": {"x": 0, "y": 0, "w": 327, "h": 330}, "sourceSize": {"w": 327, "h": 330}}, "2-6": {"frame": {"x": 2, "y": 663, "w": 309, "h": 324}, "rotated": false, "trimed": false, "spriteSourceSize": {"x": 0, "y": 0, "w": 309, "h": 324}, "sourceSize": {"w": 309, "h": 324}}, "3-6": {"frame": {"x": 313, "y": 858, "w": 309, "h": 311}, "rotated": false, "trimed": false, "spriteSourceSize": {"x": 0, "y": 0, "w": 309, "h": 311}, "sourceSize": {"w": 309, "h": 311}}, "1-1": {"frame": {"x": 2, "y": 989, "w": 309, "h": 206}, "rotated": false, "trimed": false, "spriteSourceSize": {"x": 0, "y": 0, "w": 309, "h": 206}, "sourceSize": {"w": 309, "h": 206}}, "1-5": {"frame": {"x": 624, "y": 860, "w": 309, "h": 261}, "rotated": false, "trimed": false, "spriteSourceSize": {"x": 0, "y": 0, "w": 309, "h": 261}, "sourceSize": {"w": 309, "h": 261}}, "2-1": {"frame": {"x": 935, "y": 908, "w": 309, "h": 214}, "rotated": false, "trimed": false, "spriteSourceSize": {"x": 0, "y": 0, "w": 309, "h": 214}, "sourceSize": {"w": 309, "h": 214}}, "2-2": {"frame": {"x": 624, "y": 1123, "w": 309, "h": 307}, "rotated": false, "trimed": false, "spriteSourceSize": {"x": 0, "y": 0, "w": 309, "h": 307}, "sourceSize": {"w": 309, "h": 307}}, "2-3": {"frame": {"x": 313, "y": 1171, "w": 309, "h": 231}, "rotated": false, "trimed": false, "spriteSourceSize": {"x": 0, "y": 0, "w": 309, "h": 231}, "sourceSize": {"w": 309, "h": 231}}, "2-4": {"frame": {"x": 2, "y": 1197, "w": 309, "h": 231}, "rotated": false, "trimed": false, "spriteSourceSize": {"x": 0, "y": 0, "w": 309, "h": 231}, "sourceSize": {"w": 309, "h": 231}}, "2-5": {"frame": {"x": 313, "y": 1404, "w": 309, "h": 292}, "rotated": false, "trimed": false, "spriteSourceSize": {"x": 0, "y": 0, "w": 309, "h": 292}, "sourceSize": {"w": 309, "h": 292}}, "3-1": {"frame": {"x": 2, "y": 1430, "w": 309, "h": 206}, "rotated": false, "trimed": false, "spriteSourceSize": {"x": 0, "y": 0, "w": 309, "h": 206}, "sourceSize": {"w": 309, "h": 206}}, "3-4": {"frame": {"x": 2, "y": 1638, "w": 309, "h": 288}, "rotated": false, "trimed": false, "spriteSourceSize": {"x": 0, "y": 0, "w": 309, "h": 288}, "sourceSize": {"w": 309, "h": 288}}, "fade": {"frame": {"x": 2012, "y": 2, "w": 9, "h": 280}, "rotated": false, "trimed": false, "spriteSourceSize": {"x": 0, "y": 0, "w": 9, "h": 280}, "sourceSize": {"w": 9, "h": 280}}, "lvl_locked": {"frame": {"x": 313, "y": 1698, "w": 224, "h": 259}, "rotated": false, "trimed": false, "spriteSourceSize": {"x": 0, "y": 0, "w": 224, "h": 259}, "sourceSize": {"w": 224, "h": 259}}, "lvl_new": {"frame": {"x": 539, "y": 1698, "w": 224, "h": 259}, "rotated": false, "trimed": false, "spriteSourceSize": {"x": 0, "y": 0, "w": 224, "h": 259}, "sourceSize": {"w": 224, "h": 259}}, "lvl_now": {"frame": {"x": 624, "y": 1432, "w": 224, "h": 259}, "rotated": false, "trimed": false, "spriteSourceSize": {"x": 0, "y": 0, "w": 224, "h": 259}, "sourceSize": {"w": 224, "h": 259}}, "bs_saw-big": {"frame": {"x": 1246, "y": 908, "w": 213, "h": 238}, "rotated": false, "trimed": false, "spriteSourceSize": {"x": 0, "y": 0, "w": 213, "h": 238}, "sourceSize": {"w": 213, "h": 238}}, "bs_spray-big": {"frame": {"x": 935, "y": 1124, "w": 213, "h": 238}, "rotated": false, "trimed": false, "spriteSourceSize": {"x": 0, "y": 0, "w": 213, "h": 238}, "sourceSize": {"w": 213, "h": 238}}, "bs_tnt-big": {"frame": {"x": 765, "y": 1693, "w": 213, "h": 238}, "rotated": false, "trimed": false, "spriteSourceSize": {"x": 0, "y": 0, "w": 213, "h": 238}, "sourceSize": {"w": 213, "h": 238}}, "bs_wand-big": {"frame": {"x": 850, "y": 1432, "w": 213, "h": 238}, "rotated": false, "trimed": false, "spriteSourceSize": {"x": 0, "y": 0, "w": 213, "h": 238}, "sourceSize": {"w": 213, "h": 238}}, "curtain_l": {"frame": {"x": 1888, "y": 697, "w": 115, "h": 235}, "rotated": false, "trimed": false, "spriteSourceSize": {"x": 0, "y": 0, "w": 115, "h": 235}, "sourceSize": {"w": 115, "h": 235}}, "lanterna1": {"frame": {"x": 980, "y": 1672, "w": 217, "h": 208}, "rotated": false, "trimed": false, "spriteSourceSize": {"x": 0, "y": 0, "w": 217, "h": 208}, "sourceSize": {"w": 217, "h": 208}}, "lanterna2": {"frame": {"x": 1065, "y": 1364, "w": 217, "h": 208}, "rotated": false, "trimed": false, "spriteSourceSize": {"x": 0, "y": 0, "w": 217, "h": 208}, "sourceSize": {"w": 217, "h": 208}}, "lanterna3": {"frame": {"x": 1150, "y": 1148, "w": 217, "h": 208}, "rotated": false, "trimed": false, "spriteSourceSize": {"x": 0, "y": 0, "w": 217, "h": 208}, "sourceSize": {"w": 217, "h": 208}}, "bomb_r-big": {"frame": {"x": 1199, "y": 1574, "w": 216, "h": 216}, "rotated": false, "trimed": false, "spriteSourceSize": {"x": 0, "y": 0, "w": 216, "h": 216}, "sourceSize": {"w": 216, "h": 216}}, "coin-big": {"frame": {"x": 1284, "y": 1358, "w": 186, "h": 207}, "rotated": false, "trimed": false, "spriteSourceSize": {"x": 0, "y": 0, "w": 186, "h": 207}, "sourceSize": {"w": 186, "h": 207}}, "hand": {"frame": {"x": 1369, "y": 1148, "w": 160, "h": 204}, "rotated": false, "trimed": false, "spriteSourceSize": {"x": 0, "y": 0, "w": 160, "h": 204}, "sourceSize": {"w": 160, "h": 204}}, "bomb_v-big": {"frame": {"x": 1199, "y": 1792, "w": 200, "h": 200}, "rotated": false, "trimed": false, "spriteSourceSize": {"x": 0, "y": 0, "w": 200, "h": 200}, "sourceSize": {"w": 200, "h": 200}}, "spectrum-big": {"frame": {"x": 313, "y": 663, "w": 192, "h": 192}, "rotated": false, "trimed": false, "spriteSourceSize": {"x": 0, "y": 0, "w": 192, "h": 192}, "sourceSize": {"w": 192, "h": 192}}, "1-3": {"frame": {"x": 1888, "y": 934, "w": 104, "h": 174}, "rotated": false, "trimed": false, "spriteSourceSize": {"x": 0, "y": 0, "w": 104, "h": 174}, "sourceSize": {"w": 104, "h": 174}}, "mission_bar_r": {"frame": {"x": 980, "y": 1882, "w": 147, "h": 138}, "rotated": false, "trimed": false, "spriteSourceSize": {"x": 0, "y": 0, "w": 147, "h": 138}, "sourceSize": {"w": 147, "h": 138}}, "block_1": {"frame": {"x": 1401, "y": 1792, "w": 140, "h": 142}, "rotated": false, "trimed": false, "spriteSourceSize": {"x": 0, "y": 0, "w": 140, "h": 142}, "sourceSize": {"w": 140, "h": 142}}, "carpet": {"frame": {"x": 1417, "y": 1567, "w": 140, "h": 142}, "rotated": false, "trimed": false, "spriteSourceSize": {"x": 0, "y": 0, "w": 140, "h": 142}, "sourceSize": {"w": 140, "h": 142}}, "dropper1": {"frame": {"x": 1472, "y": 1354, "w": 140, "h": 142}, "rotated": false, "trimed": false, "spriteSourceSize": {"x": 0, "y": 0, "w": 140, "h": 142}, "sourceSize": {"w": 140, "h": 142}}, "pie_target": {"frame": {"x": 1531, "y": 1110, "w": 140, "h": 142}, "rotated": false, "trimed": false, "spriteSourceSize": {"x": 0, "y": 0, "w": 140, "h": 142}, "sourceSize": {"w": 140, "h": 142}}, "spreader": {"frame": {"x": 1673, "y": 1029, "w": 140, "h": 142}, "rotated": false, "trimed": false, "spriteSourceSize": {"x": 0, "y": 0, "w": 140, "h": 142}, "sourceSize": {"w": 140, "h": 142}}, "stone_2": {"frame": {"x": 1815, "y": 1110, "w": 140, "h": 142}, "rotated": false, "trimed": false, "spriteSourceSize": {"x": 0, "y": 0, "w": 140, "h": 142}, "sourceSize": {"w": 140, "h": 142}}, "mission_bar_l": {"frame": {"x": 1673, "y": 1173, "w": 137, "h": 137}, "rotated": false, "trimed": false, "spriteSourceSize": {"x": 0, "y": 0, "w": 137, "h": 137}, "sourceSize": {"w": 137, "h": 137}}, "info-tabulka-part": {"frame": {"x": 1812, "y": 1254, "w": 132, "h": 136}, "rotated": false, "trimed": false, "spriteSourceSize": {"x": 0, "y": 0, "w": 132, "h": 136}, "sourceSize": {"w": 132, "h": 136}}, "bs_tnt": {"frame": {"x": 1614, "y": 1312, "w": 120, "h": 134}, "rotated": false, "trimed": false, "spriteSourceSize": {"x": 0, "y": 0, "w": 120, "h": 134}, "sourceSize": {"w": 120, "h": 134}}, "bomb_r": {"frame": {"x": 1736, "y": 1392, "w": 120, "h": 120}, "rotated": false, "trimed": false, "spriteSourceSize": {"x": 0, "y": 0, "w": 120, "h": 120}, "sourceSize": {"w": 120, "h": 120}}, "bomb_v": {"frame": {"x": 1614, "y": 1448, "w": 120, "h": 120}, "rotated": false, "trimed": false, "spriteSourceSize": {"x": 0, "y": 0, "w": 120, "h": 120}, "sourceSize": {"w": 120, "h": 120}}, "gchar_0": {"frame": {"x": 1858, "y": 1392, "w": 120, "h": 120}, "rotated": false, "trimed": false, "spriteSourceSize": {"x": 0, "y": 0, "w": 120, "h": 120}, "sourceSize": {"w": 120, "h": 120}}, "gchar_1": {"frame": {"x": 1858, "y": 1514, "w": 120, "h": 120}, "rotated": false, "trimed": false, "spriteSourceSize": {"x": 0, "y": 0, "w": 120, "h": 120}, "sourceSize": {"w": 120, "h": 120}}, "gchar_2": {"frame": {"x": 1736, "y": 1514, "w": 120, "h": 120}, "rotated": false, "trimed": false, "spriteSourceSize": {"x": 0, "y": 0, "w": 120, "h": 120}, "sourceSize": {"w": 120, "h": 120}}, "gchar_3": {"frame": {"x": 1559, "y": 1570, "w": 120, "h": 120}, "rotated": false, "trimed": false, "spriteSourceSize": {"x": 0, "y": 0, "w": 120, "h": 120}, "sourceSize": {"w": 120, "h": 120}}, "gchar_4": {"frame": {"x": 1543, "y": 1711, "w": 120, "h": 120}, "rotated": false, "trimed": false, "spriteSourceSize": {"x": 0, "y": 0, "w": 120, "h": 120}, "sourceSize": {"w": 120, "h": 120}}, "gchar_5": {"frame": {"x": 1543, "y": 1833, "w": 120, "h": 120}, "rotated": false, "trimed": false, "spriteSourceSize": {"x": 0, "y": 0, "w": 120, "h": 120}, "sourceSize": {"w": 120, "h": 120}}, "gchar_6": {"frame": {"x": 1665, "y": 1833, "w": 120, "h": 120}, "rotated": false, "trimed": false, "spriteSourceSize": {"x": 0, "y": 0, "w": 120, "h": 120}, "sourceSize": {"w": 120, "h": 120}}, "spectrum": {"frame": {"x": 1665, "y": 1692, "w": 120, "h": 120}, "rotated": false, "trimed": false, "spriteSourceSize": {"x": 0, "y": 0, "w": 120, "h": 120}, "sourceSize": {"w": 120, "h": 120}}, "booster_ad": {"frame": {"x": 1461, "y": 908, "w": 96, "h": 114}, "rotated": false, "trimed": false, "spriteSourceSize": {"x": 0, "y": 0, "w": 96, "h": 114}, "sourceSize": {"w": 96, "h": 114}}, "max_btn": {"frame": {"x": 2, "y": 1928, "w": 112, "h": 112}, "rotated": false, "trimed": false, "spriteSourceSize": {"x": 0, "y": 0, "w": 112, "h": 112}, "sourceSize": {"w": 112, "h": 112}}, "min_btn": {"frame": {"x": 116, "y": 1928, "w": 112, "h": 112}, "rotated": false, "trimed": false, "spriteSourceSize": {"x": 0, "y": 0, "w": 112, "h": 112}, "sourceSize": {"w": 112, "h": 112}}, "settings_btn": {"frame": {"x": 1787, "y": 1636, "w": 112, "h": 112}, "rotated": false, "trimed": false, "spriteSourceSize": {"x": 0, "y": 0, "w": 112, "h": 112}, "sourceSize": {"w": 112, "h": 112}}, "coin_btn": {"frame": {"x": 1401, "y": 1936, "w": 109, "h": 108}, "rotated": false, "trimed": false, "spriteSourceSize": {"x": 0, "y": 0, "w": 109, "h": 108}, "sourceSize": {"w": 109, "h": 108}}, "daily_btn": {"frame": {"x": 765, "y": 1933, "w": 109, "h": 108}, "rotated": false, "trimed": false, "spriteSourceSize": {"x": 0, "y": 0, "w": 109, "h": 108}, "sourceSize": {"w": 109, "h": 108}}, "shop_btn": {"frame": {"x": 1901, "y": 1636, "w": 109, "h": 108}, "rotated": false, "trimed": false, "spriteSourceSize": {"x": 0, "y": 0, "w": 109, "h": 108}, "sourceSize": {"w": 109, "h": 108}}, "time_btn": {"frame": {"x": 1901, "y": 1746, "w": 109, "h": 108}, "rotated": false, "trimed": false, "spriteSourceSize": {"x": 0, "y": 0, "w": 109, "h": 108}, "sourceSize": {"w": 109, "h": 108}}, "wheel_btn": {"frame": {"x": 1787, "y": 1750, "w": 109, "h": 108}, "rotated": false, "trimed": false, "spriteSourceSize": {"x": 0, "y": 0, "w": 109, "h": 108}, "sourceSize": {"w": 109, "h": 108}}, "bs_saw": {"frame": {"x": 1065, "y": 1574, "w": 85, "h": 95}, "rotated": false, "trimed": false, "spriteSourceSize": {"x": 0, "y": 0, "w": 85, "h": 95}, "sourceSize": {"w": 85, "h": 95}}, "bs_spray": {"frame": {"x": 1957, "y": 1110, "w": 85, "h": 95}, "rotated": false, "trimed": false, "spriteSourceSize": {"x": 0, "y": 0, "w": 85, "h": 95}, "sourceSize": {"w": 85, "h": 95}}, "bs_wand": {"frame": {"x": 1957, "y": 1207, "w": 85, "h": 95}, "rotated": false, "trimed": false, "spriteSourceSize": {"x": 0, "y": 0, "w": 85, "h": 95}, "sourceSize": {"w": 85, "h": 95}}, "stuzka-cisla": {"frame": {"x": 1681, "y": 1636, "w": 91, "h": 54}, "rotated": false, "trimed": false, "spriteSourceSize": {"x": 0, "y": 0, "w": 91, "h": 54}, "sourceSize": {"w": 91, "h": 54}}, "booster-active": {"frame": {"x": 1461, "y": 1024, "w": 90, "h": 83}, "rotated": false, "trimed": false, "spriteSourceSize": {"x": 0, "y": 0, "w": 90, "h": 83}, "sourceSize": {"w": 90, "h": 83}}, "booster-bw": {"frame": {"x": 230, "y": 1959, "w": 90, "h": 83}, "rotated": false, "trimed": false, "spriteSourceSize": {"x": 0, "y": 0, "w": 90, "h": 83}, "sourceSize": {"w": 90, "h": 83}}, "booster": {"frame": {"x": 322, "y": 1959, "w": 90, "h": 83}, "rotated": false, "trimed": false, "spriteSourceSize": {"x": 0, "y": 0, "w": 90, "h": 83}, "sourceSize": {"w": 90, "h": 83}}, "coin": {"frame": {"x": 1512, "y": 1955, "w": 80, "h": 89}, "rotated": false, "trimed": false, "spriteSourceSize": {"x": 0, "y": 0, "w": 80, "h": 89}, "sourceSize": {"w": 80, "h": 89}}, "coin_small": {"frame": {"x": 1594, "y": 1955, "w": 80, "h": 89}, "rotated": false, "trimed": false, "spriteSourceSize": {"x": 0, "y": 0, "w": 80, "h": 89}, "sourceSize": {"w": 80, "h": 89}}, "odlesk2": {"frame": {"x": 1676, "y": 1955, "w": 89, "h": 89}, "rotated": false, "trimed": false, "spriteSourceSize": {"x": 0, "y": 0, "w": 89, "h": 89}, "sourceSize": {"w": 89, "h": 89}}, "odlesk3": {"frame": {"x": 1767, "y": 1955, "w": 89, "h": 89}, "rotated": false, "trimed": false, "spriteSourceSize": {"x": 0, "y": 0, "w": 89, "h": 89}, "sourceSize": {"w": 89, "h": 89}}, "timer_menu": {"frame": {"x": 1553, "y": 1029, "w": 87, "h": 79}, "rotated": false, "trimed": false, "spriteSourceSize": {"x": 0, "y": 0, "w": 87, "h": 79}, "sourceSize": {"w": 87, "h": 79}}, "x-button": {"frame": {"x": 1580, "y": 471, "w": 77, "h": 77}, "rotated": false, "trimed": false, "spriteSourceSize": {"x": 0, "y": 0, "w": 77, "h": 77}, "sourceSize": {"w": 77, "h": 77}}, "fish2": {"frame": {"x": 1980, "y": 1304, "w": 62, "h": 75}, "rotated": false, "trimed": false, "spriteSourceSize": {"x": 0, "y": 0, "w": 62, "h": 75}, "sourceSize": {"w": 62, "h": 75}}, "lvl_kvacka": {"frame": {"x": 1736, "y": 1312, "w": 73, "h": 64}, "rotated": false, "trimed": false, "spriteSourceSize": {"x": 0, "y": 0, "w": 73, "h": 64}, "sourceSize": {"w": 73, "h": 64}}, "kvacka": {"frame": {"x": 1129, "y": 1994, "w": 56, "h": 50}, "rotated": false, "trimed": false, "spriteSourceSize": {"x": 0, "y": 0, "w": 56, "h": 50}, "sourceSize": {"w": 56, "h": 50}}, "fire-s-1": {"frame": {"x": 2012, "y": 1381, "w": 32, "h": 49}, "rotated": false, "trimed": false, "spriteSourceSize": {"x": 0, "y": 0, "w": 32, "h": 49}, "sourceSize": {"w": 32, "h": 49}}, "fire-s-2": {"frame": {"x": 2012, "y": 1432, "w": 32, "h": 49}, "rotated": false, "trimed": false, "spriteSourceSize": {"x": 0, "y": 0, "w": 32, "h": 49}, "sourceSize": {"w": 32, "h": 49}}, "fire-s-3": {"frame": {"x": 2012, "y": 1483, "w": 32, "h": 49}, "rotated": false, "trimed": false, "spriteSourceSize": {"x": 0, "y": 0, "w": 32, "h": 49}, "sourceSize": {"w": 32, "h": 49}}, "booster_number-bw": {"frame": {"x": 1152, "y": 1574, "w": 44, "h": 44}, "rotated": false, "trimed": false, "spriteSourceSize": {"x": 0, "y": 0, "w": 44, "h": 44}, "sourceSize": {"w": 44, "h": 44}}, "booster_number": {"frame": {"x": 1152, "y": 1620, "w": 44, "h": 44}, "rotated": false, "trimed": false, "spriteSourceSize": {"x": 0, "y": 0, "w": 44, "h": 44}, "sourceSize": {"w": 44, "h": 44}}, "booster_number_plus": {"frame": {"x": 935, "y": 860, "w": 44, "h": 44}, "rotated": false, "trimed": false, "spriteSourceSize": {"x": 0, "y": 0, "w": 44, "h": 44}, "sourceSize": {"w": 44, "h": 44}}, "vykr": {"frame": {"x": 892, "y": 221, "w": 42, "h": 42}, "rotated": false, "trimed": false, "spriteSourceSize": {"x": 0, "y": 0, "w": 42, "h": 42}, "sourceSize": {"w": 42, "h": 42}}, "kruzok_podnum": {"frame": {"x": 1461, "y": 1109, "w": 36, "h": 36}, "rotated": false, "trimed": false, "spriteSourceSize": {"x": 0, "y": 0, "w": 36, "h": 36}, "sourceSize": {"w": 36, "h": 36}}}, "meta": {"image": "../../assets/img/pk/menu1.png", "format": "RGBA8888", "size": {"w": 2048, "h": 2048}, "scale": 1}}