{"frames": {

"angle":
{
	"frame": {"x":969,"y":438,"w":32,"h":50},
	"rotated": false,
	"trimmed": false,
	"spriteSourceSize": {"x":0,"y":0,"w":32,"h":50},
	"sourceSize": {"w":32,"h":50}
},
"arrow":
{
	"frame": {"x":738,"y":309,"w":55,"h":81},
	"rotated": false,
	"trimmed": false,
	"spriteSourceSize": {"x":0,"y":0,"w":55,"h":81},
	"sourceSize": {"w":55,"h":81}
},
"btn":
{
	"frame": {"x":1,"y":423,"w":211,"h":61},
	"rotated": false,
	"trimmed": false,
	"spriteSourceSize": {"x":0,"y":0,"w":211,"h":61},
	"sourceSize": {"w":211,"h":61}
},
"btn_arrow":
{
	"frame": {"x":471,"y":383,"w":98,"h":93},
	"rotated": false,
	"trimmed": false,
	"spriteSourceSize": {"x":0,"y":0,"w":98,"h":93},
	"sourceSize": {"w":98,"h":93}
},
"btn_close":
{
	"frame": {"x":365,"y":383,"w":104,"h":104},
	"rotated": false,
	"trimmed": false,
	"spriteSourceSize": {"x":0,"y":0,"w":104,"h":104},
	"sourceSize": {"w":104,"h":104}
},
"btn_empty":
{
	"frame": {"x":1613,"y":239,"w":98,"h":93},
	"rotated": false,
	"trimmed": false,
	"spriteSourceSize": {"x":0,"y":0,"w":98,"h":93},
	"sourceSize": {"w":98,"h":93}
},
"btn_green":
{
	"frame": {"x":831,"y":1,"w":256,"h":90},
	"rotated": false,
	"trimmed": false,
	"spriteSourceSize": {"x":0,"y":0,"w":256,"h":90},
	"sourceSize": {"w":256,"h":90}
},
"btn_hint":
{
	"frame": {"x":638,"y":309,"w":98,"h":93},
	"rotated": false,
	"trimmed": false,
	"spriteSourceSize": {"x":0,"y":0,"w":98,"h":93},
	"sourceSize": {"w":98,"h":93}
},
"btn_home_back":
{
	"frame": {"x":795,"y":343,"w":98,"h":93},
	"rotated": false,
	"trimmed": false,
	"spriteSourceSize": {"x":0,"y":0,"w":98,"h":93},
	"sourceSize": {"w":98,"h":93}
},
"btn_info":
{
	"frame": {"x":1749,"y":295,"w":31,"h":32},
	"rotated": false,
	"trimmed": false,
	"spriteSourceSize": {"x":0,"y":0,"w":31,"h":32},
	"sourceSize": {"w":31,"h":32}
},
"btn_lang":
{
	"frame": {"x":895,"y":343,"w":98,"h":93},
	"rotated": false,
	"trimmed": false,
	"spriteSourceSize": {"x":0,"y":0,"w":98,"h":93},
	"sourceSize": {"w":98,"h":93}
},
"btn_music_off":
{
	"frame": {"x":995,"y":332,"w":98,"h":93},
	"rotated": false,
	"trimmed": false,
	"spriteSourceSize": {"x":0,"y":0,"w":98,"h":93},
	"sourceSize": {"w":98,"h":93}
},
"btn_music_on":
{
	"frame": {"x":1095,"y":315,"w":98,"h":93},
	"rotated": false,
	"trimmed": false,
	"spriteSourceSize": {"x":0,"y":0,"w":98,"h":93},
	"sourceSize": {"w":98,"h":93}
},
"btn_options":
{
	"frame": {"x":1195,"y":315,"w":98,"h":93},
	"rotated": false,
	"trimmed": false,
	"spriteSourceSize": {"x":0,"y":0,"w":98,"h":93},
	"sourceSize": {"w":98,"h":93}
},
"btn_orange":
{
	"frame": {"x":1089,"y":1,"w":256,"h":90},
	"rotated": false,
	"trimmed": false,
	"spriteSourceSize": {"x":0,"y":0,"w":256,"h":90},
	"sourceSize": {"w":256,"h":90}
},
"btn_play":
{
	"frame": {"x":638,"y":146,"w":160,"h":161},
	"rotated": false,
	"trimmed": false,
	"spriteSourceSize": {"x":0,"y":0,"w":160,"h":161},
	"sourceSize": {"w":160,"h":161}
},
"btn_play1":
{
	"frame": {"x":800,"y":185,"w":154,"h":156},
	"rotated": false,
	"trimmed": false,
	"spriteSourceSize": {"x":0,"y":0,"w":154,"h":156},
	"sourceSize": {"w":154,"h":156}
},
"btn_purple":
{
	"frame": {"x":1347,"y":1,"w":256,"h":90},
	"rotated": false,
	"trimmed": false,
	"spriteSourceSize": {"x":0,"y":0,"w":256,"h":90},
	"sourceSize": {"w":256,"h":90}
},
"btn_que":
{
	"frame": {"x":1595,"y":334,"w":73,"h":73},
	"rotated": false,
	"trimmed": false,
	"spriteSourceSize": {"x":0,"y":0,"w":73,"h":73},
	"sourceSize": {"w":73,"h":73}
},
"btn_red":
{
	"frame": {"x":831,"y":93,"w":256,"h":90},
	"rotated": false,
	"trimmed": false,
	"spriteSourceSize": {"x":0,"y":0,"w":256,"h":90},
	"sourceSize": {"w":256,"h":90}
},
"btn_rem_ad":
{
	"frame": {"x":1295,"y":315,"w":98,"h":93},
	"rotated": false,
	"trimmed": false,
	"spriteSourceSize": {"x":0,"y":0,"w":98,"h":93},
	"sourceSize": {"w":98,"h":93}
},
"btn_restart":
{
	"frame": {"x":1395,"y":285,"w":98,"h":93},
	"rotated": false,
	"trimmed": false,
	"spriteSourceSize": {"x":0,"y":0,"w":98,"h":93},
	"sourceSize": {"w":98,"h":93}
},
"btn_sound_off":
{
	"frame": {"x":1495,"y":285,"w":98,"h":93},
	"rotated": false,
	"trimmed": false,
	"spriteSourceSize": {"x":0,"y":0,"w":98,"h":93},
	"sourceSize": {"w":98,"h":93}
},
"btn_sound_on":
{
	"frame": {"x":1395,"y":380,"w":98,"h":93},
	"rotated": false,
	"trimmed": false,
	"spriteSourceSize": {"x":0,"y":0,"w":98,"h":93},
	"sourceSize": {"w":98,"h":93}
},
"btn_yellow":
{
	"frame": {"x":1089,"y":93,"w":256,"h":90},
	"rotated": false,
	"trimmed": false,
	"spriteSourceSize": {"x":0,"y":0,"w":256,"h":90},
	"sourceSize": {"w":256,"h":90}
},
"but_1":
{
	"frame": {"x":214,"y":423,"w":74,"h":72},
	"rotated": false,
	"trimmed": false,
	"spriteSourceSize": {"x":0,"y":0,"w":74,"h":72},
	"sourceSize": {"w":74,"h":72}
},
"but_2":
{
	"frame": {"x":1590,"y":409,"w":73,"h":74},
	"rotated": false,
	"trimmed": false,
	"spriteSourceSize": {"x":0,"y":0,"w":73,"h":74},
	"sourceSize": {"w":73,"h":74}
},
"but_3":
{
	"frame": {"x":1670,"y":334,"w":71,"h":73},
	"rotated": false,
	"trimmed": false,
	"spriteSourceSize": {"x":0,"y":0,"w":71,"h":73},
	"sourceSize": {"w":71,"h":73}
},
"but_4":
{
	"frame": {"x":290,"y":423,"w":73,"h":72},
	"rotated": false,
	"trimmed": false,
	"spriteSourceSize": {"x":0,"y":0,"w":73,"h":72},
	"sourceSize": {"w":73,"h":72}
},
"con1":
{
	"frame": {"x":1757,"y":465,"w":20,"h":30},
	"rotated": false,
	"trimmed": false,
	"spriteSourceSize": {"x":0,"y":0,"w":20,"h":30},
	"sourceSize": {"w":20,"h":30}
},
"con2":
{
	"frame": {"x":1372,"y":448,"w":19,"h":30},
	"rotated": false,
	"trimmed": false,
	"spriteSourceSize": {"x":0,"y":0,"w":19,"h":30},
	"sourceSize": {"w":19,"h":30}
},
"con3":
{
	"frame": {"x":1765,"y":385,"w":18,"h":30},
	"rotated": false,
	"trimmed": false,
	"spriteSourceSize": {"x":0,"y":0,"w":18,"h":30},
	"sourceSize": {"w":18,"h":30}
},
"con4":
{
	"frame": {"x":1124,"y":466,"w":18,"h":29},
	"rotated": false,
	"trimmed": false,
	"spriteSourceSize": {"x":0,"y":0,"w":18,"h":29},
	"sourceSize": {"w":18,"h":29}
},
"con5":
{
	"frame": {"x":1596,"y":109,"w":15,"h":29},
	"rotated": false,
	"trimmed": false,
	"spriteSourceSize": {"x":0,"y":0,"w":15,"h":29},
	"sourceSize": {"w":15,"h":29}
},
"con6":
{
	"frame": {"x":1158,"y":465,"w":20,"h":30},
	"rotated": false,
	"trimmed": false,
	"spriteSourceSize": {"x":0,"y":0,"w":20,"h":30},
	"sourceSize": {"w":20,"h":30}
},
"cross":
{
	"frame": {"x":956,"y":185,"w":135,"h":145},
	"rotated": false,
	"trimmed": false,
	"spriteSourceSize": {"x":0,"y":0,"w":135,"h":145},
	"sourceSize": {"w":135,"h":145}
},
"crown":
{
	"frame": {"x":795,"y":438,"w":68,"h":54},
	"rotated": false,
	"trimmed": true,
	"spriteSourceSize": {"x":2,"y":7,"w":68,"h":54},
	"sourceSize": {"w":72,"h":72}
},
"gamepad":
{
	"frame": {"x":1605,"y":1,"w":159,"h":106},
	"rotated": false,
	"trimmed": false,
	"spriteSourceSize": {"x":0,"y":0,"w":159,"h":106},
	"sourceSize": {"w":159,"h":106}
},
"icon_close":
{
	"frame": {"x":1665,"y":409,"w":61,"h":59},
	"rotated": false,
	"trimmed": false,
	"spriteSourceSize": {"x":0,"y":0,"w":61,"h":59},
	"sourceSize": {"w":61,"h":59}
},
"icon_failed":
{
	"frame": {"x":571,"y":404,"w":92,"h":91},
	"rotated": false,
	"trimmed": false,
	"spriteSourceSize": {"x":0,"y":0,"w":92,"h":91},
	"sourceSize": {"w":92,"h":91}
},
"icon_success":
{
	"frame": {"x":665,"y":404,"w":92,"h":91},
	"rotated": false,
	"trimmed": false,
	"spriteSourceSize": {"x":0,"y":0,"w":92,"h":91},
	"sourceSize": {"w":92,"h":91}
},
"lang_de":
{
	"frame": {"x":1093,"y":185,"w":128,"h":128},
	"rotated": false,
	"trimmed": false,
	"spriteSourceSize": {"x":0,"y":0,"w":128,"h":128},
	"sourceSize": {"w":128,"h":128}
},
"lang_en":
{
	"frame": {"x":1223,"y":185,"w":128,"h":128},
	"rotated": false,
	"trimmed": false,
	"spriteSourceSize": {"x":0,"y":0,"w":128,"h":128},
	"sourceSize": {"w":128,"h":128}
},
"lang_es":
{
	"frame": {"x":1353,"y":155,"w":128,"h":128},
	"rotated": false,
	"trimmed": false,
	"spriteSourceSize": {"x":0,"y":0,"w":128,"h":128},
	"sourceSize": {"w":128,"h":128}
},
"lang_fr":
{
	"frame": {"x":1483,"y":155,"w":128,"h":128},
	"rotated": false,
	"trimmed": false,
	"spriteSourceSize": {"x":0,"y":0,"w":128,"h":128},
	"sourceSize": {"w":128,"h":128}
},
"lang_it":
{
	"frame": {"x":1613,"y":109,"w":128,"h":128},
	"rotated": false,
	"trimmed": false,
	"spriteSourceSize": {"x":0,"y":0,"w":128,"h":128},
	"sourceSize": {"w":128,"h":128}
},
"light_star":
{
	"frame": {"x":1728,"y":465,"w":27,"h":30},
	"rotated": false,
	"trimmed": true,
	"spriteSourceSize": {"x":2,"y":0,"w":27,"h":30},
	"sourceSize": {"w":30,"h":30}
},
"line":
{
	"frame": {"x":1090,"y":427,"w":32,"h":50},
	"rotated": false,
	"trimmed": false,
	"spriteSourceSize": {"x":0,"y":0,"w":32,"h":50},
	"sourceSize": {"w":32,"h":50}
},
"luchi":
{
	"frame": {"x":315,"y":166,"w":215,"h":215},
	"rotated": false,
	"trimmed": false,
	"spriteSourceSize": {"x":0,"y":0,"w":215,"h":215},
	"sourceSize": {"w":215,"h":215}
},
"mistake_anim0000":
{
	"frame": {"x":1095,"y":410,"w":15,"h":15},
	"rotated": false,
	"trimmed": true,
	"spriteSourceSize": {"x":7,"y":56,"w":15,"h":15},
	"sourceSize": {"w":35,"h":89}
},
"mistake_anim0001":
{
	"frame": {"x":800,"y":146,"w":29,"h":23},
	"rotated": false,
	"trimmed": true,
	"spriteSourceSize": {"x":4,"y":47,"w":29,"h":23},
	"sourceSize": {"w":35,"h":89}
},
"mistake_anim0002":
{
	"frame": {"x":532,"y":351,"w":32,"h":30},
	"rotated": false,
	"trimmed": true,
	"spriteSourceSize": {"x":1,"y":37,"w":32,"h":30},
	"sourceSize": {"w":35,"h":89}
},
"mistake_anim0003":
{
	"frame": {"x":315,"y":383,"w":33,"h":37},
	"rotated": false,
	"trimmed": true,
	"spriteSourceSize": {"x":0,"y":28,"w":33,"h":37},
	"sourceSize": {"w":35,"h":89}
},
"mistake_anim0004":
{
	"frame": {"x":1354,"y":410,"w":33,"h":36},
	"rotated": false,
	"trimmed": true,
	"spriteSourceSize": {"x":0,"y":26,"w":33,"h":36},
	"sourceSize": {"w":35,"h":89}
},
"mistake_anim0005":
{
	"frame": {"x":1318,"y":410,"w":34,"h":36},
	"rotated": false,
	"trimmed": true,
	"spriteSourceSize": {"x":0,"y":23,"w":34,"h":36},
	"sourceSize": {"w":35,"h":89}
},
"mistake_anim0006":
{
	"frame": {"x":1055,"y":427,"w":33,"h":50},
	"rotated": false,
	"trimmed": true,
	"spriteSourceSize": {"x":1,"y":21,"w":33,"h":50},
	"sourceSize": {"w":35,"h":89}
},
"mistake_anim0007":
{
	"frame": {"x":571,"y":351,"w":32,"h":51},
	"rotated": false,
	"trimmed": true,
	"spriteSourceSize": {"x":2,"y":18,"w":32,"h":51},
	"sourceSize": {"w":35,"h":89}
},
"mistake_anim0008":
{
	"frame": {"x":1728,"y":409,"w":32,"h":54},
	"rotated": false,
	"trimmed": true,
	"spriteSourceSize": {"x":2,"y":16,"w":32,"h":54},
	"sourceSize": {"w":35,"h":89}
},
"mistake_anim0009":
{
	"frame": {"x":1743,"y":329,"w":32,"h":54},
	"rotated": false,
	"trimmed": true,
	"spriteSourceSize": {"x":2,"y":13,"w":32,"h":54},
	"sourceSize": {"w":35,"h":89}
},
"mistake_anim0010":
{
	"frame": {"x":1124,"y":410,"w":32,"h":54},
	"rotated": false,
	"trimmed": true,
	"spriteSourceSize": {"x":2,"y":11,"w":32,"h":54},
	"sourceSize": {"w":35,"h":89}
},
"mistake_anim0011":
{
	"frame": {"x":1158,"y":410,"w":31,"h":53},
	"rotated": false,
	"trimmed": true,
	"spriteSourceSize": {"x":2,"y":9,"w":31,"h":53},
	"sourceSize": {"w":35,"h":89}
},
"mistake_anim0012":
{
	"frame": {"x":1561,"y":93,"w":33,"h":55},
	"rotated": false,
	"trimmed": true,
	"spriteSourceSize": {"x":2,"y":6,"w":33,"h":55},
	"sourceSize": {"w":35,"h":89}
},
"mistake_anim0013":
{
	"frame": {"x":759,"y":392,"w":34,"h":85},
	"rotated": false,
	"trimmed": true,
	"spriteSourceSize": {"x":1,"y":4,"w":34,"h":85},
	"sourceSize": {"w":35,"h":89}
},
"mistake_anim0014":
{
	"frame": {"x":1713,"y":239,"w":34,"h":84},
	"rotated": false,
	"trimmed": true,
	"spriteSourceSize": {"x":1,"y":1,"w":34,"h":84},
	"sourceSize": {"w":35,"h":89}
},
"mistake_anim0015":
{
	"frame": {"x":1743,"y":155,"w":33,"h":81},
	"rotated": false,
	"trimmed": true,
	"spriteSourceSize": {"x":1,"y":0,"w":33,"h":81},
	"sourceSize": {"w":35,"h":89}
},
"mistake_anim0016":
{
	"frame": {"x":1749,"y":238,"w":31,"h":55},
	"rotated": false,
	"trimmed": true,
	"spriteSourceSize": {"x":2,"y":21,"w":31,"h":55},
	"sourceSize": {"w":35,"h":89}
},
"mistake_anim0017":
{
	"frame": {"x":1191,"y":410,"w":30,"h":54},
	"rotated": false,
	"trimmed": true,
	"spriteSourceSize": {"x":2,"y":18,"w":30,"h":54},
	"sourceSize": {"w":35,"h":89}
},
"mistake_anim0018":
{
	"frame": {"x":605,"y":351,"w":30,"h":51},
	"rotated": false,
	"trimmed": true,
	"spriteSourceSize": {"x":1,"y":16,"w":30,"h":51},
	"sourceSize": {"w":35,"h":89}
},
"mistake_anim0019":
{
	"frame": {"x":1223,"y":410,"w":30,"h":50},
	"rotated": false,
	"trimmed": true,
	"spriteSourceSize": {"x":0,"y":13,"w":30,"h":50},
	"sourceSize": {"w":35,"h":89}
},
"mistake_anim0020":
{
	"frame": {"x":1255,"y":410,"w":30,"h":47},
	"rotated": false,
	"trimmed": true,
	"spriteSourceSize": {"x":0,"y":11,"w":30,"h":47},
	"sourceSize": {"w":35,"h":89}
},
"mistake_anim0021":
{
	"frame": {"x":1287,"y":410,"w":29,"h":43},
	"rotated": false,
	"trimmed": true,
	"spriteSourceSize": {"x":0,"y":9,"w":29,"h":43},
	"sourceSize": {"w":35,"h":89}
},
"mistake_anim0022":
{
	"frame": {"x":1287,"y":455,"w":27,"h":40},
	"rotated": false,
	"trimmed": true,
	"spriteSourceSize": {"x":1,"y":6,"w":27,"h":40},
	"sourceSize": {"w":35,"h":89}
},
"mistake_anim0023":
{
	"frame": {"x":1257,"y":459,"w":23,"h":35},
	"rotated": false,
	"trimmed": true,
	"spriteSourceSize": {"x":3,"y":4,"w":23,"h":35},
	"sourceSize": {"w":35,"h":89}
},
"mistake_anim0024":
{
	"frame": {"x":1766,"y":1,"w":21,"h":33},
	"rotated": false,
	"trimmed": true,
	"spriteSourceSize": {"x":4,"y":1,"w":21,"h":33},
	"sourceSize": {"w":35,"h":89}
},
"mistake_anim0025":
{
	"frame": {"x":1766,"y":58,"w":20,"h":32},
	"rotated": false,
	"trimmed": true,
	"spriteSourceSize": {"x":4,"y":0,"w":20,"h":32},
	"sourceSize": {"w":35,"h":89}
},
"mistake_anim0026":
{
	"frame": {"x":1353,"y":285,"w":17,"h":24},
	"rotated": false,
	"trimmed": true,
	"spriteSourceSize": {"x":5,"y":6,"w":17,"h":24},
	"sourceSize": {"w":35,"h":89}
},
"mistake_anim0027":
{
	"frame": {"x":1595,"y":285,"w":16,"h":26},
	"rotated": false,
	"trimmed": true,
	"spriteSourceSize": {"x":5,"y":2,"w":16,"h":26},
	"sourceSize": {"w":35,"h":89}
},
"mistake_anim0028":
{
	"frame": {"x":1778,"y":155,"w":9,"h":8},
	"rotated": false,
	"trimmed": true,
	"spriteSourceSize": {"x":10,"y":0,"w":9,"h":8},
	"sourceSize": {"w":35,"h":89}
},
"no_ads":
{
	"frame": {"x":1495,"y":380,"w":93,"h":93},
	"rotated": false,
	"trimmed": false,
	"spriteSourceSize": {"x":0,"y":0,"w":93,"h":93},
	"sourceSize": {"w":93,"h":93}
},
"panel2":
{
	"frame": {"x":606,"y":1,"w":223,"h":143},
	"rotated": false,
	"trimmed": false,
	"spriteSourceSize": {"x":0,"y":0,"w":223,"h":143},
	"sourceSize": {"w":223,"h":143}
},
"panel3":
{
	"frame": {"x":1347,"y":93,"w":212,"h":60},
	"rotated": false,
	"trimmed": true,
	"spriteSourceSize": {"x":3,"y":1,"w":212,"h":60},
	"sourceSize": {"w":219,"h":61}
},
"panel14":
{
	"frame": {"x":1,"y":1,"w":312,"h":420},
	"rotated": false,
	"trimmed": false,
	"spriteSourceSize": {"x":0,"y":0,"w":312,"h":420},
	"sourceSize": {"w":312,"h":420}
},
"particle10":
{
	"frame": {"x":1316,"y":475,"w":20,"h":20},
	"rotated": false,
	"trimmed": false,
	"spriteSourceSize": {"x":0,"y":0,"w":20,"h":20},
	"sourceSize": {"w":20,"h":20}
},
"particle10_white":
{
	"frame": {"x":1372,"y":285,"w":20,"h":20},
	"rotated": false,
	"trimmed": false,
	"spriteSourceSize": {"x":0,"y":0,"w":20,"h":20},
	"sourceSize": {"w":20,"h":20}
},
"particle11":
{
	"frame": {"x":865,"y":438,"w":50,"h":50},
	"rotated": false,
	"trimmed": false,
	"spriteSourceSize": {"x":0,"y":0,"w":50,"h":50},
	"sourceSize": {"w":50,"h":50}
},
"particle12":
{
	"frame": {"x":917,"y":438,"w":50,"h":50},
	"rotated": false,
	"trimmed": false,
	"spriteSourceSize": {"x":0,"y":0,"w":50,"h":50},
	"sourceSize": {"w":50,"h":50}
},
"particle13":
{
	"frame": {"x":1003,"y":427,"w":50,"h":50},
	"rotated": false,
	"trimmed": false,
	"spriteSourceSize": {"x":0,"y":0,"w":50,"h":50},
	"sourceSize": {"w":50,"h":50}
},
"particle14":
{
	"frame": {"x":1743,"y":109,"w":44,"h":44},
	"rotated": false,
	"trimmed": false,
	"spriteSourceSize": {"x":0,"y":0,"w":44,"h":44},
	"sourceSize": {"w":44,"h":44}
},
"particle15":
{
	"frame": {"x":1766,"y":36,"w":21,"h":20},
	"rotated": false,
	"trimmed": false,
	"spriteSourceSize": {"x":0,"y":0,"w":21,"h":20},
	"sourceSize": {"w":21,"h":20}
},
"particle16":
{
	"frame": {"x":1743,"y":385,"w":20,"h":22},
	"rotated": false,
	"trimmed": false,
	"spriteSourceSize": {"x":0,"y":0,"w":20,"h":22},
	"sourceSize": {"w":20,"h":22}
},
"question":
{
	"frame": {"x":532,"y":166,"w":104,"h":183},
	"rotated": false,
	"trimmed": true,
	"spriteSourceSize": {"x":48,"y":8,"w":104,"h":183},
	"sourceSize": {"w":200,"h":200}
},
"rewarded_ad":
{
	"frame": {"x":1223,"y":462,"w":32,"h":33},
	"rotated": false,
	"trimmed": false,
	"spriteSourceSize": {"x":0,"y":0,"w":32,"h":33},
	"sourceSize": {"w":32,"h":33}
},
"tip_bg":
{
	"frame": {"x":315,"y":1,"w":289,"h":163},
	"rotated": false,
	"trimmed": false,
	"spriteSourceSize": {"x":0,"y":0,"w":289,"h":163},
	"sourceSize": {"w":289,"h":163}
},
"vertical":
{
	"frame": {"x":1338,"y":448,"w":32,"h":32},
	"rotated": false,
	"trimmed": false,
	"spriteSourceSize": {"x":0,"y":0,"w":32,"h":32},
	"sourceSize": {"w":32,"h":32}
}},
"meta": {
	"app": "https://www.codeandweb.com/texturepacker",
	"version": "1.0",
	"image": "common1.png",
	"format": "RGBA8888",
	"size": {"w":1788,"h":496},
	"scale": "1",
	"smartupdate": "$TexturePacker:SmartUpdate:565a84d3a95a960f0e4fc5dfa3569c13:0f675cc5bc37c1557312fa6efed2310e:849a2d506a3dff356c1665b7dfafc6aa$"
}
}
