{
"skeleton": {
	"hash": "C+gCR3Y9bOiPX6ZxkO2zZVvLG8A",
	"spine": "3.8.75",
	"x": -187.74,
	"y": -122,
	"width": 363.74,
	"height": 266,
	"images": "./PNg/",
	"audio": "D:/01.CuteDessup/Assets/Logo/Logo new"
},
"bones": [
	{ "name": "root" },
	{ "name": "Logo", "parent": "root", "length": 200, "rotation": 90, "x": 369.05, "y": -77.35 },
	{ "name": "R", "parent": "Logo", "length": 38.7, "rotation": -12.26, "x": 29.43, "y": 445.69 },
	{ "name": "S", "parent": "Logo", "length": 34.02, "rotation": -2.77, "x": 21.21, "y": 359.72 },
	{ "name": "P", "parent": "Logo", "length": 32.93, "rotation": 3.69, "x": 21.54, "y": 235.95 },
	{ "name": "Text bone", "parent": "Logo", "length": 50.63, "rotation": -89.49, "x": -3.26, "y": 378.06 },
	{ "name": "C", "parent": "Logo", "length": 46.01, "rotation": 179.2, "x": 120.92, "y": 389.62 },
	{ "name": "U", "parent": "Logo", "x": 100.04, "y": 347.29 },
	{ "name": "U2", "parent": "U", "rotation": 270, "x": 20.65, "y": 17.23 },
	{ "name": "U3", "parent": "U", "rotation": 270, "x": 20.65, "y": -14.25 },
	{ "name": "Glitter", "parent": "Logo", "rotation": -90, "x": 75.56, "y": 529.79 },
	{ "name": "U4", "parent": "U", "rotation": -87.68, "x": -12.22, "y": -0.34 },
	{ "name": "FX", "parent": "Logo", "length": 168.67, "rotation": -1.11, "x": 16.27, "y": 606.15 },
	{ "name": "Glitter2", "parent": "Logo", "rotation": -90, "x": 117.77, "y": 418.17 },
	{ "name": "Glitter3", "parent": "Logo", "rotation": -90, "x": 57.27, "y": 368.92 },
	{ "name": "Glitter4", "parent": "Logo", "rotation": -90, "x": 56.33, "y": 244.64 },
	{ "name": "Doll", "parent": "Logo", "length": 86.36, "x": 58.3, "y": 580.64 },
	{ "name": "Chest", "parent": "Doll", "length": 45.02, "rotation": 7.48, "x": -12.68, "y": -90.46 },
	{ "name": "Nec", "parent": "Chest", "length": 11.92, "rotation": -0.76, "x": 44.2, "y": -0.1 },
	{ "name": "Head", "parent": "Nec", "length": 63.09, "rotation": -23.74, "x": 11.31, "y": -0.18 },
	{ "name": "lips", "parent": "Head", "rotation": -89.65, "x": 14.43, "y": 0.3 },
	{ "name": "Eybrows", "parent": "Head", "rotation": -89.6, "x": 54.02, "y": -2.6 },
	{ "name": "Hair1", "parent": "Head", "length": 19.26, "rotation": 27.81, "x": 78.85, "y": 18.9 },
	{ "name": "hair", "parent": "Hair1", "length": 11.91, "rotation": -127.5, "x": 8.39, "y": -6.3 },
	{ "name": "Head3", "parent": "hair", "length": 19.36, "rotation": 9.13, "x": 12.2, "y": 0.02 },
	{ "name": "Head4", "parent": "Head3", "length": 20.24, "rotation": -6.94, "x": 20.12, "y": 0.17 },
	{ "name": "Head5", "parent": "Head4", "length": 14.15, "rotation": -65.85, "x": 20.24 },
	{ "name": "Head6", "parent": "Head5", "length": 21.03, "rotation": -34.21, "x": 13.52, "y": -0.06 },
	{
		"name": "hair2",
		"parent": "hair",
		"length": 33.59,
		"rotation": -105.11,
		"x": 55.86,
		"y": -56.16,
		"transform": "noRotationOrReflection"
	},
	{ "name": "hair3", "parent": "hair2", "length": 35.98, "rotation": 22.03, "x": 33, "y": 0.14 },
	{ "name": "hair4", "parent": "hair3", "length": 59.22, "rotation": 4.7, "x": 35.64, "y": 0.01 },
	{ "name": "Hair2", "parent": "Hair1", "length": 37.72, "rotation": 111.58, "x": 6.91, "y": 6.54 },
	{ "name": "Hair3", "parent": "Hair2", "length": 31.37, "rotation": 73.84, "x": 54.94, "y": 30.05 },
	{ "name": "Eye close", "parent": "Head", "rotation": 2.92, "x": 40.03, "y": 1.48 },
	{ "name": "Eye close2", "parent": "Eye close", "rotation": -95.81, "x": 12.58, "y": 17.27 },
	{ "name": "Eye close3", "parent": "Eye close", "rotation": -89.52, "x": 12.86, "y": -19.57 },
	{ "name": "Eye close4", "parent": "Eye close", "rotation": -89.26, "x": -2.05, "y": -19.28 },
	{ "name": "Eye close5", "parent": "Eye close", "rotation": -89.26, "x": -3.79, "y": 19.85 }
],
"slots": [
	{ "name": "White pad", "bone": "Logo", "attachment": "White pad" },
	{ "name": "Hair Back", "bone": "Head", "attachment": "Hair Back" },
	{ "name": "Neck", "bone": "Logo", "attachment": "Neck" },
	{ "name": "Dress", "bone": "Logo", "attachment": "Dress" },
	{ "name": "Face", "bone": "Head", "attachment": "Face" },
	{ "name": "Lips", "bone": "lips", "attachment": "Lips" },
	{ "name": "eye white", "bone": "Head", "attachment": "eye white" },
	{ "name": "Eye ball", "bone": "Head", "attachment": "Eye ball" },
	{ "name": "Eyeclose", "bone": "Head", "attachment": "Eyeclose" },
	{ "name": "Eye lash", "bone": "Head", "attachment": "Eye lash" },
	{ "name": "EyeBrow", "bone": "Eybrows", "attachment": "EyeBrow" },
	{ "name": "Earing", "bone": "Head", "attachment": "Earing" },
	{ "name": "P", "bone": "Logo", "attachment": "P" },
	{ "name": "U2", "bone": "Logo", "attachment": "U2" },
	{ "name": "S2", "bone": "Logo", "attachment": "S2" },
	{ "name": "S1", "bone": "Logo", "attachment": "S1" },
	{ "name": "E2", "bone": "Logo", "attachment": "E2" },
	{ "name": "R", "bone": "Logo", "attachment": "R" },
	{ "name": "D", "bone": "Logo", "attachment": "D" },
	{ "name": "C", "bone": "C", "attachment": "C" },
	{ "name": "E1", "bone": "Logo", "attachment": "E1" },
	{ "name": "T", "bone": "Logo", "attachment": "T" },
	{ "name": "Front hair", "bone": "Head", "attachment": "Front hair" },
	{ "name": "Glitter", "bone": "Glitter", "attachment": "Glitter" },
	{ "name": "Glitter2", "bone": "Glitter2", "attachment": "Glitter" },
	{ "name": "Glitter3", "bone": "Glitter3", "attachment": "Glitter" },
	{ "name": "Glitter4", "bone": "Glitter4", "attachment": "Glitter" },
	{ "name": "U txt path", "bone": "Logo", "attachment": "U txt path" },
	{ "name": "U1 shadow", "bone": "U", "attachment": "U1 shadow" },
	{ "name": "U1", "bone": "U", "attachment": "U1" },
	{ "name": "Pink mask", "bone": "Logo", "attachment": "Pink mask" },
	{ "name": "Pink light", "bone": "FX", "attachment": "Pink light", "blend": "additive" },
	{ "name": "Yellow Mask", "bone": "Logo", "attachment": "Yellow Mask" },
	{ "name": "Yellow light", "bone": "FX", "attachment": "Yellow light", "blend": "additive" },
	{ "name": "Blue mask", "bone": "Logo", "attachment": "Blue mask" },
	{ "name": "Blue light", "bone": "FX", "attachment": "Blue light", "blend": "additive" }
],
"path": [
	{
		"name": "U txt path",
		"bones": [ "U" ],
		"target": "U txt path",
		"rotation": 12.3
	}
],
"skins": [
	{
		"name": "default",
		"attachments": {
			"U txt path": {
				"U txt path": {
					"type": "path",
					"closed": true,
					"lengths": [ 125.3, 227.28, 398.31, 502.57, 505.38, 744.63, 758.04 ],
					"vertexCount": 21,
					"vertices": [ 101.63, 348.8, 100.03, 347.62, 135.65, 338.33, 178.44, 285.4, 170.59, 253.32, 164.35, 227.8, 135.27, 202.49, 86.56, 223.31, 139.09, 221.05, 163.35, 336.77, 89.22, 350.18, 131.24, 356.83, 143.93, 394.43, 94.63, 420.79, 93.4, 421.45, 98.07, 419.14, 97.15, 419.62, 260.25, 397.22, 247.69, 346.87, 115.04, 348.62, 111.08, 348.59 ]
				}
			},
			"U1": {
				"U1": {
					"type": "mesh",
					"uvs": [ 0.12747, 6.0E-4, 0.07385, 0.0309, 0.03672, 0.06498, 0.00785, 0.10664, 0.0051, 0.16344, 0.0216, 0.23918, 0.04222, 0.272, 0.0214, 0.35478, 0, 0.43988, 0.00372, 0.53708, 0.01335, 0.63806, 0.04497, 0.75672, 0.13572, 0.88042, 0.33647, 0.9915, 0.64172, 1, 0.87547, 0.91576, 0.97722, 0.76934, 1, 0.61408, 1, 0.40832, 0.92222, 0.272, 0.92084, 0.23034, 0.94009, 0.14955, 0.94147, 0.09275, 0.90434, 0.02837, 0.83009, 0, 0.72422, 0, 0.63347, 0.00818, 0.59084, 0.10411, 0.38322, 0.11042, 0.33784, 0.041, 0.31585, 0.0107, 0.19897, 0, 0.1261, 0.29724, 0.2141, 0.30987, 0.31447, 0.26947, 0.37359, 0.20005, 0.57572, 0.16849, 0.60047, 0.25685, 0.69259, 0.29093, 0.77784, 0.29977, 0.84659, 0.28841, 0.90572, 0.33259, 0.80534, 0.32754, 0.66234, 0.34016, 0.42997, 0.36667, 0.28422, 0.35657, 0.17697, 0.33637 ],
					"triangles": [ 7, 32, 46, 42, 18, 17, 41, 19, 18, 42, 17, 43, 43, 39, 42, 15, 43, 17, 14, 44, 43, 44, 11, 45, 46, 9, 8, 14, 13, 44, 16, 15, 17, 43, 15, 14, 13, 12, 44, 44, 12, 11, 45, 11, 10, 46, 10, 9, 45, 10, 46, 8, 7, 46, 46, 33, 45, 45, 34, 44, 44, 37, 43, 42, 40, 41, 42, 41, 18, 42, 39, 40, 41, 40, 19, 43, 37, 38, 43, 38, 39, 37, 35, 36, 22, 24, 23, 36, 28, 27, 24, 22, 21, 25, 37, 27, 36, 27, 37, 24, 21, 25, 20, 40, 21, 40, 20, 19, 26, 25, 27, 38, 37, 25, 21, 39, 25, 39, 38, 25, 21, 40, 39, 35, 29, 28, 35, 28, 36, 2, 4, 3, 1, 5, 4, 31, 35, 34, 29, 31, 30, 35, 31, 29, 2, 1, 4, 32, 6, 5, 1, 0, 31, 31, 32, 1, 31, 33, 32, 32, 5, 1, 34, 33, 31, 46, 32, 33, 7, 6, 32, 45, 33, 34, 34, 35, 44, 37, 44, 35 ],
					"vertices": [ 1, 8, -3.39, 8.62, 1, 1, 8, -6.39, 6.77, 1, 1, 8, -8.47, 4.69, 1, 1, 8, -10.09, 2.15, 1, 1, 8, -10.24, -1.31, 1, 1, 8, -9.32, -5.93, 1, 1, 8, -8.16, -7.93, 1, 1, 11, -26.07, 20.96, 1, 1, 11, -27.48, 15.82, 1, 1, 11, -27.51, 9.88, 1, 1, 11, -27.22, 3.71, 1, 1, 11, -25.75, -3.6, 1, 1, 11, -20.97, -11.34, 1, 1, 11, -10.02, -18.57, 1, 1, 11, 7.04, -19.78, 1, 1, 11, 20.33, -15.17, 1, 2, 7, -17.62, -26.97, 0.008, 11, 26.38, -6.48, 0.992, 1, 11, 28.04, 2.94, 1, 1, 11, 28.55, 15.48, 1, 1, 9, 9.64, -7.93, 1, 1, 9, 9.56, -5.39, 1, 1, 9, 10.64, -0.46, 1, 1, 9, 10.71, 3, 1, 1, 9, 8.63, 6.93, 1, 1, 9, 4.48, 8.66, 1, 1, 9, -1.45, 8.66, 1, 1, 9, -6.53, 8.16, 1, 1, 9, -8.92, 2.31, 1, 1, 8, 10.93, 1.92, 1, 1, 8, 8.39, 6.16, 1, 1, 8, 7.16, 8.01, 1, 1, 8, 0.62, 8.66, 1, 1, 8, -3.47, -9.47, 1, 1, 8, 1.46, -10.24, 1, 1, 8, 7.08, -7.78, 1, 1, 8, 10.39, -3.54, 1, 1, 9, -9.77, -1.62, 1, 1, 9, -8.38, -7.01, 1, 1, 9, -3.22, -9.09, 1, 1, 9, 1.55, -9.63, 1, 1, 9, 5.4, -8.93, 1, 1, 11, 23.46, 20.31, 1, 1, 11, 17.86, 20.84, 1, 1, 11, 9.82, 20.4, 1, 1, 11, -3.24, 19.31, 1, 1, 11, -11.37, 20.25, 1, 1, 11, -17.32, 21.73, 1 ],
					"hull": 32,
					"edges": [ 0, 2, 2, 4, 4, 6, 6, 8, 8, 10, 10, 12, 16, 18, 18, 20, 20, 22, 22, 24, 24, 26, 26, 28, 28, 30, 30, 32, 32, 34, 34, 36, 36, 38, 38, 40, 40, 42, 42, 44, 44, 46, 46, 48, 48, 50, 50, 52, 52, 54, 54, 56, 56, 58, 58, 60, 60, 62, 0, 62, 12, 64, 64, 66, 66, 68, 68, 70, 70, 56, 54, 72, 72, 74, 74, 76, 76, 78, 78, 80, 80, 38, 36, 82, 82, 84, 84, 86, 86, 88, 88, 90, 90, 92, 12, 14, 14, 16, 92, 14 ],
					"width": 56,
					"height": 61
				}
			},
			"C": {
				"C": {
					"type": "mesh",
					"uvs": [ 1, 1, 0, 1, 0, 0, 1, 0 ],
					"triangles": [ 1, 2, 3, 1, 3, 0 ],
					"vertices": [ 1, 6, 56.33, 17.36, 1, 1, 6, 57.15, -41.63, 1, 1, 6, -10.85, -42.58, 1, 1, 6, -11.67, 16.42, 1 ],
					"hull": 4,
					"edges": [ 0, 2, 2, 4, 4, 6, 0, 6 ],
					"width": 59,
					"height": 68
				}
			},
			"D": {
				"D": { "x": 48.35, "y": 504.55, "rotation": -90, "width": 65, "height": 78 }
			},
			"Eyeclose": {
				"Eyeclose": {
					"type": "mesh",
					"uvs": [ 0.02224, 0.09674, 0.07104, 0.02444, 0.20016, 0.00636, 0.33639, 0.06059, 0.47771, 0.22325, 0.57937, 0.56214, 0.70645, 0.45596, 0.87217, 0.41981, 1, 0.52825, 1, 0.8581, 0.97485, 1, 0.89454, 0.91233, 0.86161, 0.8355, 0.82134, 0.78807, 0.78672, 0.77337, 0.75322, 0.77903, 0.72566, 0.81947, 0.69934, 0.8581, 0.6607, 1, 0.60801, 0.98696, 0.56209, 0.97559, 0.58547, 0.7587, 0.5204, 0.74514, 0.44415, 0.9304, 0.38315, 0.8694, 0.35672, 0.71351, 0.35113, 0.56436, 0.31321, 0.40266, 0.25154, 0.36863, 0.18434, 0.3687, 0.13274, 0.42522, 0.08832, 0.5034, 0.03444, 0.53955, 0.01975, 0.48174, 0, 0.40399, 0, 0.18259, 0.04769, 0.26134, 0.15387, 0.14812, 0.3107, 0.18334, 0.40035, 0.30589, 0.4464, 0.51211, 0.4111, 0.74811, 0.6302, 0.84485, 0.70292, 0.68834, 0.78387, 0.63108, 0.84283, 0.62415, 0.90573, 0.68967, 0.94587, 0.82719, 0.74477, 0.65497, 0.66004, 0.77264, 0.08163, 0.32675, 0.1696, 0.26195, 0.26713, 0.26398, 0.27837, 0.28458, 0.34179, 0.36324, 0.38846, 0.45361, 0.39663, 0.53941, 0.63986, 0.894, 0.67393, 0.80285, 0.71409, 0.75272, 0.74841, 0.7083, 0.78519, 0.69689, 0.83114, 0.71331, 0.88119, 0.77078, 0.92379, 0.86397 ],
					"triangles": [ 16, 59, 15, 60, 48, 61, 11, 12, 64, 12, 63, 64, 12, 13, 63, 13, 62, 63, 13, 14, 62, 59, 60, 15, 15, 60, 14, 60, 61, 14, 14, 61, 62, 62, 61, 44, 63, 62, 46, 11, 64, 10, 57, 58, 17, 64, 47, 10, 10, 47, 9, 19, 57, 18, 18, 57, 17, 57, 19, 42, 19, 20, 42, 20, 21, 42, 57, 42, 58, 47, 8, 9, 42, 49, 58, 42, 21, 49, 63, 46, 47, 47, 46, 8, 49, 43, 59, 43, 49, 5, 49, 21, 5, 62, 45, 46, 45, 62, 44, 43, 48, 60, 48, 44, 61, 8, 46, 7, 43, 6, 48, 43, 5, 6, 48, 6, 44, 45, 44, 7, 46, 45, 7, 7, 44, 6, 58, 49, 59, 64, 63, 47, 17, 58, 59, 16, 17, 59, 59, 43, 60, 31, 50, 30, 24, 41, 23, 23, 41, 22, 24, 25, 41, 25, 56, 41, 41, 40, 22, 41, 56, 40, 22, 40, 5, 32, 33, 31, 55, 39, 40, 5, 40, 4, 40, 39, 4, 33, 50, 31, 33, 34, 50, 34, 36, 50, 34, 35, 36, 54, 38, 39, 4, 39, 3, 38, 52, 37, 50, 36, 37, 35, 0, 36, 36, 1, 37, 36, 0, 1, 39, 38, 3, 37, 2, 38, 38, 2, 3, 37, 1, 2, 51, 50, 37, 56, 55, 40, 25, 26, 56, 55, 54, 39, 53, 38, 54, 22, 5, 21, 26, 27, 55, 26, 55, 56, 55, 27, 54, 28, 53, 27, 27, 53, 54, 28, 52, 53, 28, 51, 52, 53, 52, 38, 29, 51, 28, 29, 30, 51, 52, 51, 37, 30, 50, 51 ],
					"vertices": [ 1, 34, -16.51, -4.55, 1, 1, 34, -14.66, -1.55, 1, 1, 34, -7.83, 2.13, 1, 1, 34, 0.21, 4.21, 1, 1, 34, 9.75, 3.76, 1, 1, 35, -18.06, -4.06, 1, 1, 35, -11.73, 1.07, 1, 1, 35, -2.6, 5.14, 1, 1, 35, 5.6, 4.78, 1, 1, 35, 8.41, -3.67, 1, 2, 35, 8.19, -7.78, 0.688, 36, 8.64, 7.09, 0.312, 2, 35, 2.87, -7.06, 0.52, 36, 3.32, 7.83, 0.48, 2, 35, 0.34, -5.71, 0.376, 36, 0.8, 9.19, 0.624, 2, 35, -2.36, -5.26, 0.368, 36, -1.9, 9.65, 0.632, 2, 35, -4.45, -5.54, 0.344, 36, -3.99, 9.38, 0.656, 2, 35, -6.31, -6.32, 0.392, 36, -5.86, 8.61, 0.608, 2, 35, -7.54, -7.88, 0.504, 36, -7.09, 7.06, 0.496, 2, 35, -8.71, -9.37, 0.784, 36, -8.26, 5.58, 0.216, 2, 35, -9.7, -13.73, 0.952, 36, -9.27, 1.22, 0.048, 2, 35, -12.81, -14.4, 0.86216, 36, -12.39, 0.57, 0.13784, 1, 35, -15.52, -14.98, 1, 1, 37, 23.55, 7.24, 1, 1, 34, 17.96, -7.97, 1, 1, 34, 15.9, -14.42, 1, 1, 34, 11.88, -14.46, 1, 2, 37, 10.13, 4.12, 0.448, 34, 8.68, -11.3, 0.552, 2, 37, 8.56, 7.84, 0.424, 34, 6.7, -7.78, 0.576, 2, 37, 5.04, 11.28, 0.696, 34, 2.8, -4.76, 0.304, 2, 37, 1.23, 11.01, 0.736, 34, -0.94, -5.47, 0.264, 2, 37, -2.6, 9.75, 0.632, 34, -4.6, -7.16, 0.368, 2, 37, -5.06, 7.33, 0.32, 34, -6.78, -9.84, 0.68, 2, 37, -6.94, 4.5, 0.024, 34, -8.32, -12.87, 0.976, 1, 34, -10.85, -15.11, 1, 1, 34, -12.3, -14.06, 1, 1, 34, -14.25, -12.65, 1, 1, 34, -16.75, -7.21, 1, 1, 34, -13.26, -7.95, 1, 1, 34, -8.75, -2.51, 1, 1, 34, 0.19, 0.56, 1, 1, 34, 6.46, -0.2, 1, 1, 34, 11.3, -4.11, 1, 1, 34, 12.04, -10.78, 1, 1, 35, -12.76, -10.34, 1, 1, 35, -9.95, -4.95, 1, 1, 35, -5.83, -1.95, 1, 1, 35, -2.53, -0.66, 1, 1, 35, 1.61, -1.14, 1, 1, 35, 5.06, -3.9, 1, 1, 35, -7.85, -3.3, 1, 1, 35, -11.67, -7.92, 1, 2, 37, -8.81, 8.91, 0.448, 34, -10.68, -8.7, 0.552, 2, 37, -4.34, 12.21, 0.768, 34, -6.61, -4.91, 0.232, 1, 37, 1.24, 13.98, 1, 2, 37, 2.06, 13.66, 0.984, 34, -0.43, -2.74, 0.016, 2, 37, 6.33, 12.83, 0.848, 34, 3.92, -3.08, 0.152, 2, 37, 9.76, 11.38, 0.704, 34, 7.48, -4.12, 0.296, 2, 37, 10.94, 9.33, 0.544, 34, 8.89, -6.02, 0.456, 2, 35, -11.79, -11.41, 0.90624, 36, -11.35, 3.55, 0.09376, 2, 35, -10.62, -8.43, 0.504, 36, -10.18, 6.52, 0.496, 2, 35, -8.77, -6.39, 0.384, 36, -8.31, 8.56, 0.616, 2, 35, -7.19, -4.6, 0.256, 36, -6.73, 10.34, 0.744, 2, 35, -5.19, -3.61, 0.2, 36, -4.72, 11.32, 0.8, 2, 35, -2.44, -3.16, 0.2, 36, -1.97, 11.76, 0.8, 2, 35, 0.9, -3.68, 0.28, 36, 1.37, 11.22, 0.72, 2, 35, 4.12, -5.27, 0.384, 36, 4.58, 9.62, 0.616 ],
					"hull": 36,
					"edges": [ 0, 2, 2, 4, 4, 6, 6, 8, 8, 10, 10, 12, 12, 14, 14, 16, 16, 18, 18, 20, 20, 22, 34, 36, 40, 42, 42, 44, 44, 46, 46, 48, 48, 50, 54, 56, 60, 62, 62, 64, 68, 70, 0, 70, 50, 52, 52, 54, 68, 72, 72, 74, 74, 76, 76, 78, 78, 80, 80, 82, 82, 48, 40, 84, 88, 90, 90, 92, 92, 94, 94, 20, 22, 24, 24, 26, 86, 96, 96, 88, 84, 98, 98, 86, 30, 32, 32, 34, 26, 28, 28, 30, 56, 58, 58, 60, 64, 66, 66, 68, 60, 100, 100, 72, 66, 100, 58, 102, 102, 74, 100, 102, 102, 104, 56, 106, 106, 76, 106, 108, 104, 106, 108, 110, 52, 112, 112, 80, 110, 112, 112, 82, 36, 38, 38, 40, 36, 114, 114, 84, 38, 114, 34, 116, 116, 98, 114, 116, 32, 118, 118, 86, 116, 118, 30, 120, 120, 96, 118, 120, 28, 122, 122, 88, 120, 122, 26, 124, 124, 90, 122, 124, 24, 126, 126, 92, 124, 126, 126, 128 ],
					"width": 60,
					"height": 27
				}
			},
			"Yellow light": {
				"Yellow light": { "x": 77.23, "y": 18.89, "rotation": -88.89, "width": 173, "height": 283 }
			},
			"E1": {
				"E1": { "x": 94.85, "y": 264.55, "rotation": -90, "width": 51, "height": 55 }
			},
			"E2": {
				"E2": { "x": 37.35, "y": 395.55, "rotation": -90, "width": 43, "height": 58 }
			},
			"P": {
				"P": {
					"type": "mesh",
					"uvs": [ 0, 0.11312, 0, 0.33596, 0, 0.53286, 0.03383, 0.78775, 0.12793, 0.9648, 0.39603, 0.99991, 0.60554, 0.91901, 0.6304, 0.73128, 0.59844, 0.66259, 0.88075, 0.62749, 1, 0.48249, 0.99971, 0.16196, 0.92158, 1.7E-4, 0.65526, 0, 0.29305, 0, 0.10662, 0.00628 ],
					"triangles": [ 8, 4, 3, 7, 5, 4, 6, 5, 7, 8, 7, 4, 14, 1, 0, 14, 2, 1, 8, 13, 10, 11, 13, 12, 10, 13, 11, 8, 14, 13, 9, 8, 10, 14, 3, 2, 0, 15, 14, 8, 3, 14 ],
					"vertices": [ 1, 4, 38.45, 15.74, 1, 1, 4, 25.77, 16.47, 1, 1, 4, 14.57, 17.19, 1, 1, 5, 125.87, 22.58, 1, 1, 5, 130.39, 12.45, 1, 1, 5, 143.51, 10.33, 1, 1, 5, 153.82, 14.85, 1, 1, 5, 155.13, 25.54, 1, 2, 4, 5.3, -11.6, 0.608, 5, 153.6, 29.47, 0.392, 2, 4, 6.41, -25.53, 0.76, 5, 167.45, 31.35, 0.24, 1, 4, 14.28, -31.89, 1, 1, 4, 32.52, -33.05, 1, 1, 4, 41.97, -29.83, 1, 1, 4, 42.82, -16.81, 1, 1, 4, 43.96, 0.9, 1, 1, 4, 44.19, 10.04, 1 ],
					"hull": 16,
					"edges": [ 0, 2, 2, 4, 4, 6, 6, 8, 8, 10, 10, 12, 12, 14, 14, 16, 16, 18, 18, 20, 20, 22, 22, 24, 24, 26, 26, 28, 28, 30, 0, 30 ],
					"width": 49,
					"height": 57
				}
			},
			"S2": {
				"S2": { "x": 36.85, "y": 321.05, "rotation": -90, "width": 42, "height": 57 }
			},
			"T": {
				"T": { "x": 115.85, "y": 300.55, "rotation": -90, "width": 61, "height": 67 }
			},
			"Dress": {
				"Dress": {
					"type": "mesh",
					"uvs": [ 0.00588, 0.37846, 0.11672, 0.28492, 0.11927, 0.22394, 0.122, 0.15856, 0.19326, 0.06666, 0.29091, 0.09784, 0.45322, 0, 0.56406, 0.00266, 0.58089, 0.05185, 0.59045, 0.07979, 0.79631, 0.08307, 1, 0.14871, 1, 0.50974, 0.99952, 0.8724, 0.91771, 1, 0.07318, 1, 0.00456, 0.96922, 0.02435, 0.83302, 0.01248, 0.51466, 0.22757, 0.34071, 0.36216, 0.41128, 0.46905, 0.36369, 0.54427, 0.27179, 0.2434, 0.27015, 0.35689, 0.32759, 0.44134, 0.29148, 0.51524, 0.1963 ],
					"triangles": [ 3, 4, 23, 5, 24, 23, 23, 4, 5, 26, 25, 5, 5, 6, 26, 26, 8, 9, 8, 6, 7, 8, 26, 6, 25, 24, 5, 2, 3, 23, 22, 26, 9, 25, 26, 22, 15, 20, 14, 20, 21, 14, 14, 21, 12, 13, 14, 12, 16, 17, 15, 15, 17, 20, 20, 18, 19, 19, 18, 1, 18, 20, 17, 18, 0, 1, 19, 24, 20, 21, 20, 24, 19, 23, 24, 19, 1, 23, 1, 2, 23, 21, 24, 25, 12, 21, 22, 21, 25, 22, 9, 10, 22, 10, 12, 22, 10, 11, 12 ],
					"vertices": [ 1, 17, 36.92, 33.78, 1, 2, 17, 42.75, 22.17, 0.776, 18, -3.58, 22.02, 0.224, 2, 17, 47.44, 21.31, 0.73998, 18, 1.16, 21.62, 0.26002, 2, 17, 52.46, 20.38, 0.392, 18, 6.25, 21.18, 0.608, 1, 18, 13.18, 14.03, 1, 2, 17, 55.02, 3.52, 0.088, 18, 10.43, 4.64, 0.912, 1, 18, 17.52, -11.35, 1, 1, 18, 16.95, -22.09, 1, 2, 17, 54.92, -24.84, 0.17068, 18, 13.06, -23.59, 0.82932, 2, 17, 52.64, -25.47, 0.83574, 18, 10.85, -24.44, 0.16426, 1, 17, 49.79, -45.24, 1, 1, 17, 42.14, -64.16, 1, 2, 17, 14.22, -60.5, 0.45498, 18, -24.01, -63.01, 0.54502, 1, 17, -13.82, -56.77, 1, 1, 17, -22.66, -47.61, 1, 1, 17, -12, 33.62, 1, 1, 17, -8.75, 39.9, 1, 1, 17, 1.53, 36.62, 1, 1, 17, 26.3, 34.53, 1, 2, 17, 37.04, 12.08, 0.864, 18, -8.3, 11.43, 0.136, 2, 17, 29.88, -0.15, 0.86333, 18, -14.24, -1.44, 0.13667, 1, 17, 32.22, -10.91, 1, 2, 17, 38.37, -19.08, 0.88, 18, -3.97, -19.46, 0.12, 2, 17, 42.3, 9.84, 0.248, 18, -2.85, 9.7, 0.752, 2, 17, 36.42, -0.49, 0.41087, 18, -7.7, -1.15, 0.58913, 2, 17, 38.15, -8.98, 0.47548, 18, -5.16, -9.43, 0.52452, 2, 17, 44.58, -17.06, 0.392, 18, 2.01, -16.84, 0.608 ],
					"hull": 19,
					"edges": [ 0, 2, 6, 8, 8, 10, 10, 12, 12, 14, 18, 20, 20, 22, 22, 24, 24, 26, 26, 28, 28, 30, 30, 32, 32, 34, 34, 36, 0, 36, 2, 38, 38, 40, 40, 42, 42, 44, 44, 18, 2, 4, 4, 6, 4, 46, 46, 48, 48, 50, 50, 52, 14, 16, 16, 18, 52, 16 ],
					"width": 97,
					"height": 78
				}
			},
			"Yellow Mask": {
				"Yellow Mask": {
					"type": "clipping",
					"end": "Yellow light",
					"vertexCount": 76,
					"vertices": [ 85.89, 519.99, 82, 530.79, 75.96, 536.84, 58.46, 536.19, 39.45, 532.52, 24.55, 528.42, 14.18, 522.37, 14.5, 510.6, 17.54, 495.42, 27.57, 483.54, 33.19, 479.6, 41.44, 476.72, 56, 475.52, 53.21, 462.69, 40.03, 464.42, 27.5, 464.85, 22.53, 459.89, 20.81, 447.57, 25.77, 440.88, 22.85, 437.38, 19.61, 431.34, 22.2, 421.62, 15.51, 411.25, 12.7, 395.91, 13.13, 387.58, 15.94, 381.75, 13.99, 370.51, 12.7, 356.26, 17.67, 345.03, 13.35, 334.23, 12.7, 325.37, 13.35, 317.81, 15.94, 311.12, 20.04, 308.31, 18.75, 297.92, 14.43, 290.14, 11.83, 275.02, 13.99, 265.09, 20.91, 255.37, 13.13, 245.43, 11.62, 235.28, 17.02, 225.34, 25.87, 227.29, 29.98, 218.43, 36.46, 210.44, 47.47, 207.63, 55.03, 208.49, 61.73, 215.19, 66.27, 227.53, 65.62, 238.55, 61.73, 250, 63.03, 260.58, 63.24, 278.94, 63.89, 300.11, 65.4, 321.5, 66.48, 333.16, 64.75, 344.82, 65.62, 358.43, 64.97, 370.1, 62.16, 373.77, 58.92, 378.75, 65.19, 383.94, 66.27, 396.9, 63.89, 412.23, 60, 414.39, 70.15, 422.82, 76.2, 441.7, 75.34, 456.82, 62.59, 461.79, 57.19, 463.52, 57.62, 476.1, 63.38, 476.99, 69.94, 479.31, 75.7, 484.35, 82.9, 494.43, 86.42, 506.19 ],
					"color": "ce3a3aff"
				}
			},
			"Front hair": {
				"Front hair": {
					"type": "mesh",
					"uvs": [ 0, 0.22159, 0, 0.1772, 0, 0.13313, 0.0722, 0.07813, 0.08862, 0.06562, 0.27727, 0.002, 0.37822, 0, 0.5917, 0, 0.72892, 0.04648, 0.82669, 0.07959, 0.83726, 0.08608, 0.85829, 0.09897, 1, 0.18589, 0.99217, 0.31548, 0.78697, 0.34341, 0.80021, 0.38453, 0.83827, 0.4598, 0.7969, 0.47377, 0.73567, 0.52032, 0.74891, 0.55058, 0.68271, 0.56843, 0.7125, 0.60567, 0.66451, 0.61809, 0.68602, 0.64914, 0.61983, 0.68406, 0.72078, 0.72965, 0.79194, 0.80569, 0.74394, 0.89337, 0.70423, 0.9958, 0.62645, 1, 0.56191, 0.95777, 0.34347, 0.8763, 0.28389, 0.80336, 0.38318, 0.70482, 0.48082, 0.69473, 0.45103, 0.67921, 0.38484, 0.64585, 0.41297, 0.61947, 0.36333, 0.5861, 0.39477, 0.53644, 0.35836, 0.49609, 0.43945, 0.46583, 0.456, 0.42715, 0.55198, 0.40698, 0.62645, 0.32784, 0.65693, 0.29389, 0.69264, 0.25412, 0.59501, 0.21067, 0.50899, 0.20059, 0.3898, 0.18662, 0.23756, 0.20912, 0.17633, 0.26731, 0.17633, 0.32861, 0.11013, 0.33715, 0.07538, 0.2774, 0.05718, 0.2549, 0.02242, 0.26886, 0.42406, 0.13827, 0.41333, 0.07988, 0.08946, 0.14202, 0.22704, 0.11718, 0.34878, 0.09222, 0.21219, 0.07002, 0.33113, 0.05486, 0.40214, 0.05442, 0.4066, 0.06457, 0.5245, 0.04905, 0.63154, 0.04135, 0.58168, 0.08399, 0.75738, 0.0765, 0.66447, 0.16503, 0.76313, 0.12727, 0.5542, 0.13742, 0.61394, 0.08262, 0.84684, 0.22096, 0.71518, 0.31936 ],
					"triangles": [ 34, 31, 32, 26, 34, 25, 31, 34, 27, 25, 34, 24, 26, 27, 34, 34, 32, 33, 27, 30, 31, 28, 30, 27, 29, 30, 28, 34, 35, 24, 20, 37, 39, 22, 20, 21, 20, 22, 37, 35, 37, 22, 24, 35, 22, 36, 37, 35, 23, 24, 22, 37, 38, 39, 20, 18, 19, 18, 20, 41, 17, 15, 16, 15, 43, 44, 17, 43, 15, 18, 43, 17, 41, 42, 43, 18, 41, 43, 39, 40, 41, 20, 39, 41, 14, 75, 74, 45, 46, 75, 44, 45, 75, 14, 44, 75, 14, 15, 44, 74, 11, 12, 13, 74, 12, 13, 14, 74, 46, 70, 74, 75, 46, 74, 70, 71, 74, 9, 69, 8, 73, 8, 69, 69, 9, 10, 71, 69, 10, 71, 10, 11, 73, 69, 71, 74, 71, 11, 70, 73, 71, 72, 73, 70, 48, 57, 72, 47, 48, 72, 70, 47, 72, 47, 70, 46, 8, 67, 7, 66, 6, 7, 66, 7, 67, 64, 6, 66, 65, 64, 66, 58, 65, 66, 67, 68, 66, 73, 67, 8, 73, 68, 67, 58, 66, 68, 72, 58, 68, 72, 68, 73, 57, 58, 72, 63, 5, 6, 63, 6, 64, 62, 4, 5, 63, 62, 5, 3, 4, 62, 65, 61, 63, 65, 63, 64, 61, 65, 58, 62, 63, 61, 60, 62, 61, 61, 58, 57, 60, 59, 3, 60, 3, 62, 2, 3, 59, 1, 2, 59, 57, 60, 61, 49, 60, 57, 49, 57, 48, 50, 60, 49, 59, 60, 50, 50, 0, 1, 50, 1, 59, 55, 0, 50, 51, 55, 50, 56, 0, 55, 54, 55, 51, 54, 51, 52, 53, 54, 52 ],
					"vertices": [ 1, 31, 49.62, 7.05, 1, 1, 31, 44.58, -2.38, 1, 1, 31, 39.58, -11.75, 1, 1, 31, 26.21, -19.72, 1, 1, 31, 23.17, -21.53, 1, 2, 31, -2.82, -25.25, 0.78091, 23, -29.5, 6.41, 0.21909, 3, 31, -13.16, -20.39, 0.4867, 23, -20.02, 12.78, 0.50968, 25, -51.66, 11.38, 0.00362, 4, 31, -34.54, -9.22, 0.00727, 23, 0.55, 25.38, 0.81692, 24, -7.48, 26.88, 0.05811, 25, -30.62, 23.18, 0.1177, 3, 23, 19.62, 23.93, 0.32402, 24, 11.12, 22.42, 0.17155, 25, -11.61, 21, 0.50442, 3, 23, 33.21, 22.89, 0.0599, 24, 24.38, 19.25, 0.02304, 25, 1.93, 19.45, 0.91706, 3, 23, 35.05, 22.18, 0.04423, 24, 26.08, 18.25, 0.0109, 25, 3.73, 18.67, 0.94487, 3, 23, 38.7, 20.77, 0.011, 24, 29.46, 16.28, 0.448, 25, 7.33, 17.12, 0.541, 2, 25, 31.54, 6.69, 0.10429, 26, -1.48, 13.05, 0.89571, 2, 26, 29.7, 14.97, 0.99068, 27, 4.93, 21.52, 0.00932, 4, 26, 38.49, -7.52, 0.05039, 27, 24.84, 7.86, 0.76024, 28, -20.68, 11.12, 0.18905, 29, -45.64, 30.31, 3.3E-4, 4, 26, 48.22, -5.14, 3.4E-4, 27, 31.56, 15.31, 0.49182, 28, -11.87, 15.9, 0.49813, 29, -35.68, 31.43, 0.00971, 3, 27, 42.85, 30.14, 0.32903, 28, 3.73, 26.11, 0.59382, 29, -17.39, 35.05, 0.07715, 3, 27, 48.42, 28.66, 0.08229, 28, 8.48, 22.86, 0.69949, 29, -14.2, 30.25, 0.21822, 2, 28, 21.39, 20.17, 0.64, 29, -3.25, 22.92, 0.36, 2, 28, 27.74, 24.06, 0.896, 29, 4.09, 24.14, 0.104, 2, 28, 34.33, 18.49, 0.128, 29, 8.11, 16.51, 0.872, 1, 29, 17.21, 19.54, 1, 1, 29, 19.99, 14.01, 1, 2, 29, 27.56, 16.16, 0.59929, 30, -6.73, 16.75, 0.40071, 2, 29, 35.69, 8.37, 0.32807, 30, 0.74, 8.32, 0.67193, 1, 30, 13, 18.34, 1, 1, 30, 32.16, 24.14, 1, 1, 30, 52.49, 16.24, 1, 1, 30, 76.47, 8.84, 1, 1, 30, 76.42, -0.01, 1, 1, 30, 65.45, -6.04, 1, 1, 30, 43.02, -28.21, 1, 1, 30, 24.76, -32.8, 1, 2, 29, 39.69, -18.54, 0.00449, 30, 2.52, -18.83, 0.99551, 3, 28, 70.71, 7.39, 0.00235, 29, 37.68, -7.43, 0.31309, 30, 1.42, -7.58, 0.68457, 2, 29, 33.81, -10.65, 0.688, 30, -2.7, -10.48, 0.312, 1, 29, 25.5, -17.83, 1, 1, 29, 19.26, -14.41, 1, 1, 29, 11.02, -19.72, 1, 2, 28, 38.14, -14.73, 0.656, 29, -0.81, -15.72, 0.344, 1, 28, 30.4, -21.91, 1, 1, 28, 20.42, -15.77, 1, 1, 28, 11.02, -17.18, 1, 2, 27, 53.53, -2.95, 0.00412, 28, 2.76, -8.64, 0.99588, 3, 24, 26.21, -44.69, 0.00173, 27, 33.44, -8.54, 0.73798, 28, -18.04, -7.21, 0.26029, 5, 24, 26.28, -35.81, 0.03821, 25, 10.47, -34.98, 5.2E-4, 26, 27.92, -23.23, 1.1E-4, 27, 24.93, -11.07, 0.89538, 28, -26.9, -6.75, 0.06578, 5, 31, -16.28, 50.34, 4.0E-5, 24, 26.37, -25.42, 0.16398, 25, 9.3, -24.65, 0.01823, 26, 18.01, -20.07, 0.35779, 27, 14.96, -14.02, 0.45995, 5, 31, -11.35, 35.95, 0.0317, 23, 27.39, -17.72, 0.04066, 24, 12.18, -19.93, 0.77648, 26, 8.57, -32, 0.00684, 27, 13.87, -29.2, 0.14433, 4, 31, -3.86, 29.3, 0.16869, 23, 17.83, -20.72, 0.19507, 24, 2.27, -21.38, 0.59862, 27, 18.15, -38.25, 0.03762, 4, 31, 6.51, 20.07, 0.64741, 23, 4.59, -24.89, 0.19556, 24, -11.47, -23.39, 0.15472, 27, 24.09, -50.8, 0.00231, 3, 31, 24.27, 16.91, 0.99035, 23, -7.25, -38.5, 0.00576, 24, -25.31, -34.95, 0.00389, 1, 31, 36.9, 26.14, 1, 1, 31, 43.74, 39.23, 1, 1, 31, 51.33, 37.59, 1, 1, 31, 48.14, 23.01, 1, 1, 31, 47.45, 17.25, 1, 1, 31, 52.49, 18.41, 1, 4, 31, -2.31, 11.54, 0.50561, 23, 1.8, -12.93, 0.38611, 24, -12.32, -11.14, 0.10725, 27, 12.63, -55.2, 0.00103, 3, 31, -7.76, -1.49, 0.44573, 23, -6.58, -1.56, 0.55418, 25, -38.78, -3.47, 9.0E-5, 1, 31, 31.61, -5.17, 1, 1, 31, 15.06, -3.28, 1, 2, 31, 0.08, -2.24, 0.98125, 23, -11.25, -7.91, 0.01875, 2, 31, 11.29, -14.13, 0.98804, 23, -27.21, -11.41, 0.01196, 2, 31, -2.32, -11.14, 0.78714, 23, -17.65, -1.27, 0.21286, 3, 31, -9.48, -7.52, 0.45301, 23, -10.87, 3.01, 0.54498, 25, -42.88, 1.26, 0.00201, 3, 31, -8.79, -5.11, 0.45068, 23, -9.16, 1.19, 0.54811, 25, -41.24, -0.63, 0.00121, 4, 31, -22.33, -2.26, 0.02042, 23, 0.25, 11.33, 0.89662, 24, -10, 13.06, 0.02977, 25, -31.46, 9.16, 0.05319, 3, 23, 9.59, 19.23, 0.63075, 24, 0.48, 19.38, 0.15305, 25, -21.82, 16.69, 0.21619, 3, 23, 10.16, 7.53, 0.66854, 24, -0.82, 7.73, 0.25192, 25, -21.7, 4.97, 0.07954, 3, 23, 26.14, 19.44, 0.14657, 24, 16.85, 16.95, 0.11617, 25, -5.27, 16.26, 0.73726, 5, 31, -23.4, 29.84, 0.00174, 24, 15.26, -6.77, 0.40558, 25, -3.98, -7.48, 0.568, 26, -3.09, -25.17, 0.00222, 27, 0.38, -30.1, 0.02245, 2, 24, 22.11, 5.89, 0.568, 25, 1.29, 5.91, 0.432, 4, 31, -15.44, 18.17, 0.04106, 23, 14.23, -5.07, 0.31769, 24, 1.2, -5.36, 0.63407, 27, 3.14, -43.96, 0.00718, 3, 23, 13.09, 9.71, 0.48294, 24, 2.42, 9.43, 0.36694, 25, -18.68, 7.05, 0.15012, 3, 24, 39.44, -11.4, 0.00218, 25, 20.58, -9.15, 0.00723, 26, 8.49, -3.43, 0.99059, 3, 24, 34.71, -38.99, 0.00333, 27, 25.51, -2.08, 0.88692, 28, -23.37, 1.52, 0.10975 ],
					"hull": 57,
					"edges": [ 8, 10, 10, 12, 12, 14, 24, 26, 26, 28, 28, 30, 30, 32, 32, 34, 34, 36, 36, 38, 38, 40, 40, 42, 42, 44, 44, 46, 46, 48, 48, 50, 50, 52, 52, 54, 54, 56, 56, 58, 58, 60, 60, 62, 62, 64, 64, 66, 66, 68, 68, 70, 70, 72, 72, 74, 74, 76, 76, 78, 78, 80, 80, 82, 82, 84, 84, 86, 86, 88, 92, 94, 98, 100, 100, 102, 102, 104, 104, 106, 106, 108, 108, 110, 110, 112, 0, 112, 98, 114, 114, 116, 0, 2, 2, 4, 2, 118, 118, 120, 120, 122, 122, 116, 4, 6, 6, 8, 6, 124, 124, 126, 12, 128, 126, 128, 116, 130, 130, 128, 130, 132, 132, 134, 14, 16, 16, 18, 134, 16, 116, 136, 18, 20, 138, 20, 94, 140, 140, 142, 20, 22, 22, 24, 142, 22, 94, 96, 96, 98, 96, 144, 136, 146, 146, 138, 144, 146, 92, 148, 148, 24, 88, 90, 90, 92, 90, 150, 150, 28, 74, 44, 78, 40, 82, 36, 86, 34 ],
					"width": 113,
					"height": 241
				}
			},
			"Pink light": {
				"Pink light": { "x": 77.23, "y": 18.89, "rotation": -88.89, "width": 173, "height": 283 }
			},
			"Lips": {
				"Lips": { "x": -0.65, "y": 4.12, "rotation": 21.45, "width": 30, "height": 26 }
			},
			"Glitter2": {
				"Glitter": { "width": 54, "height": 55 }
			},
			"U2": {
				"U2": { "x": 36.85, "y": 277.55, "rotation": -90, "width": 57, "height": 57 }
			},
			"Glitter4": {
				"Glitter": { "width": 54, "height": 55 }
			},
			"Glitter3": {
				"Glitter": { "width": 54, "height": 55 }
			},
			"Hair Back": {
				"Hair Back": { "x": 21.62, "y": 0.04, "rotation": -68.2, "width": 102, "height": 107 }
			},
			"EyeBrow": {
				"EyeBrow": { "x": -7.74, "y": 0.61, "rotation": 21.4, "width": 65, "height": 24 }
			},
			"Earing": {
				"Earing": { "x": 26.16, "y": 38.48, "rotation": -68.2, "width": 12, "height": 12 }
			},
			"Eye ball": {
				"Eye ball": { "x": 43.9, "y": 3.57, "rotation": -68.2, "width": 48, "height": 25 }
			},
			"Blue light": {
				"Blue light": { "x": 77.23, "y": 18.89, "rotation": -88.89, "width": 173, "height": 283 }
			},
			"Glitter": {
				"Glitter": { "width": 54, "height": 55 }
			},
			"R": {
				"R": {
					"type": "mesh",
					"uvs": [ 0, 0.83422, 0.08866, 0.93502, 0.22722, 0.96922, 0.43507, 0.96382, 0.68775, 0.96922, 0.87726, 0.94762, 0.91801, 0.74782, 0.81816, 0.63622, 0.97303, 0.47062, 1, 0.29422, 0.92005, 0.12862, 0.77945, 0.02242, 0.66737, 0, 0.41469, 0.00262, 0.13756, 0.03322, 0.0479, 0.11602, 0, 0.30682, 0, 0.51022 ],
					"triangles": [ 0, 2, 1, 3, 2, 0, 7, 3, 0, 7, 4, 3, 6, 5, 4, 8, 10, 9, 7, 17, 16, 10, 12, 11, 8, 12, 10, 7, 0, 17, 7, 13, 12, 13, 15, 14, 7, 12, 8, 7, 16, 15, 13, 7, 15, 6, 4, 7 ],
					"vertices": [ 1, 5, -86.62, 29.44, 1, 1, 5, -82.09, 23.24, 1, 1, 5, -74.76, 21.12, 1, 1, 5, -63.74, 21.35, 1, 1, 5, -50.36, 20.91, 1, 1, 5, -40.3, 22.11, 1, 2, 2, 7.25, -28.41, 0.6, 5, -38.03, 34.08, 0.4, 1, 2, 12.67, -21.81, 1, 1, 2, 24.13, -27.72, 1, 1, 2, 34.77, -26.87, 1, 1, 2, 43.58, -20.62, 1, 1, 2, 48.22, -11.98, 1, 1, 2, 48.28, -5.89, 1, 1, 2, 45.28, 7.16, 1, 1, 2, 40.36, 21.12, 1, 1, 2, 34.5, 24.71, 1, 1, 2, 22.77, 24.76, 1, 1, 2, 10.85, 22.17, 1 ],
					"hull": 18,
					"edges": [ 0, 2, 2, 4, 4, 6, 6, 8, 8, 10, 10, 12, 12, 14, 14, 16, 16, 18, 18, 20, 20, 22, 22, 24, 24, 26, 26, 28, 28, 30, 30, 32, 32, 34, 0, 34 ],
					"width": 53,
					"height": 60
				}
			},
			"U1 shadow": {
				"U1 shadow": {
					"type": "mesh",
					"uvs": [ 0.12482, 0, 0.04901, 0.03112, 0.02207, 0.08271, 0.03287, 0.13084, 0.03026, 0.18415, 0.04592, 0.25523, 0.0655, 0.28603, 0.04574, 0.36372, 0.02542, 0.44358, 0.02896, 0.5348, 0.03809, 0.62956, 0.06811, 0.74092, 0.1094, 0.87058, 0.3315, 0.98689, 0.63783, 0.98883, 0.88129, 0.9143, 0.96624, 0.73769, 0.97458, 0.60706, 0.97458, 0.41397, 0.90075, 0.28603, 0.89944, 0.24694, 0.91771, 0.17112, 0.91902, 0.11781, 0.88378, 0.0574, 0.82992, 0, 0.73275, 0, 0.61173, 0.00226, 0.51148, 0.11038, 0.38916, 0.1344, 0.34609, 0.06924, 0.33185, 0.01066, 0.22092, 0, 0.14511, 0.30972, 0.22863, 0.32157, 0.3239, 0.28366, 0.38002, 0.2185, 0.57187, 0.18889, 0.59536, 0.27181, 0.6828, 0.3038, 0.76372, 0.31209, 0.82897, 0.30143, 0.88509, 0.34289, 0.78982, 0.33815, 0.65409, 0.35, 0.43353, 0.37487, 0.29519, 0.3654, 0.1934, 0.34644 ],
					"triangles": [ 21, 23, 22, 36, 27, 26, 23, 21, 25, 25, 37, 36, 39, 38, 25, 23, 25, 24, 20, 40, 21, 40, 20, 19, 26, 25, 36, 25, 21, 39, 38, 37, 25, 40, 39, 21, 42, 39, 40, 41, 40, 19, 43, 37, 38, 43, 38, 39, 35, 27, 36, 37, 35, 36, 3, 2, 1, 35, 29, 28, 3, 0, 4, 5, 4, 0, 31, 29, 32, 29, 31, 30, 34, 29, 35, 1, 0, 3, 31, 6, 5, 31, 5, 0, 31, 32, 6, 29, 34, 32, 33, 32, 34, 46, 32, 33, 7, 6, 32, 45, 33, 34, 27, 35, 28, 34, 35, 44, 42, 40, 41, 43, 39, 42, 7, 32, 46, 46, 33, 45, 44, 37, 43, 37, 44, 35, 45, 34, 44, 41, 19, 18, 46, 9, 8, 42, 41, 18, 46, 10, 9, 42, 18, 17, 8, 7, 46, 45, 11, 10, 45, 10, 46, 11, 13, 12, 44, 11, 45, 42, 17, 43, 16, 15, 17, 44, 13, 11, 17, 14, 43, 14, 44, 43, 14, 13, 44, 14, 17, 15 ],
					"vertices": [ 1, 8, -4.66, 8.38, 1, 1, 8, -9.14, 6.36, 1, 1, 8, -10.72, 3.01, 1, 1, 8, -10.09, -0.12, 1, 1, 8, -10.24, -3.59, 1, 1, 8, -9.32, -8.21, 1, 1, 8, -8.16, -10.21, 1, 1, 7, 5.39, 26.56, 1, 1, 7, 0.2, 27.76, 1, 1, 7, -5.73, 27.55, 1, 1, 7, -11.89, 27.01, 1, 1, 7, -19.13, 25.24, 1, 1, 7, -27.55, 22.8, 1, 1, 7, -35.11, 9.7, 1, 1, 7, -35.24, -8.37, 1, 1, 7, -30.4, -22.74, 1, 1, 7, -18.92, -27.75, 1, 1, 7, -10.43, -28.24, 1, 1, 7, 2.13, -28.24, 1, 1, 9, 9.64, -10.21, 1, 1, 9, 9.56, -7.67, 1, 1, 9, 10.64, -2.74, 1, 1, 9, 10.71, 0.72, 1, 1, 9, 8.63, 4.65, 1, 1, 9, 5.46, 8.38, 1, 1, 9, -0.28, 8.38, 1, 1, 9, -7.42, 8.23, 1, 1, 9, -13.33, 1.21, 1, 1, 8, 10.93, -0.35, 1, 1, 8, 8.39, 3.88, 1, 1, 8, 7.55, 7.69, 1, 1, 8, 1.01, 8.38, 1, 1, 8, -3.47, -11.75, 1, 1, 8, 1.46, -12.52, 1, 1, 8, 7.08, -10.06, 1, 1, 8, 10.39, -5.82, 1, 1, 9, -9.77, -3.9, 1, 1, 9, -8.38, -9.29, 1, 1, 9, -3.22, -11.37, 1, 1, 9, 1.55, -11.9, 1, 1, 9, 5.4, -11.21, 1, 1, 7, 6.75, -22.96, 1, 1, 7, 7.05, -17.34, 1, 1, 7, 6.28, -9.33, 1, 1, 7, 4.67, 3.68, 1, 1, 7, 5.28, 11.84, 1, 1, 7, 6.51, 17.85, 1 ],
					"hull": 32,
					"edges": [ 0, 2, 2, 4, 4, 6, 6, 8, 8, 10, 10, 12, 16, 18, 18, 20, 20, 22, 22, 24, 24, 26, 26, 28, 28, 30, 30, 32, 32, 34, 34, 36, 36, 38, 38, 40, 40, 42, 42, 44, 44, 46, 46, 48, 48, 50, 50, 52, 52, 54, 54, 56, 56, 58, 58, 60, 60, 62, 0, 62, 12, 64, 64, 66, 66, 68, 68, 70, 70, 56, 54, 72, 72, 74, 74, 76, 76, 78, 78, 80, 80, 38, 36, 82, 82, 84, 84, 86, 86, 88, 88, 90, 90, 92, 12, 14, 14, 16, 92, 14 ],
					"width": 59,
					"height": 65
				}
			},
			"Pink mask": {
				"Pink mask": {
					"type": "clipping",
					"end": "Pink light",
					"vertexCount": 87,
					"vertices": [ 123.18, 256.7, 119.46, 239.06, 111.3, 238.58, 112.02, 243.62, 106.98, 245.18, 103.98, 247.94, 104.94, 253.58, 106.74, 261.38, 106.86, 267.14, 105.18, 268.94, 103.62, 267.02, 103.62, 261.5, 101.1, 257.42, 97.26, 256.1, 94.5, 255.86, 91.62, 257.78, 90.54, 260.9, 89.94, 267.98, 90.54, 271.1, 87.66, 272.18, 86.58, 262.82, 86.22, 253.1, 83.22, 249.14, 77.22, 248.06, 73.98, 250.82, 72.78, 255.98, 73.38, 262.94, 73.98, 277.34, 76.74, 283.34, 79.71, 287.88, 83.5, 324.16, 76.02, 330.62, 71.58, 338.18, 69.54, 345.5, 70.02, 352.94, 72.66, 360.5, 77.82, 367.58, 85.26, 372.62, 92.58, 374.54, 99.06, 375.02, 105.06, 372.98, 118.36, 373.15, 124.14, 373.22, 128.7, 368.42, 129.9, 363.26, 127.38, 357.5, 127.73, 347.36, 127.98, 340.46, 126.54, 326.54, 121.62, 322.94, 117.54, 323.18, 113.22, 326.18, 111.42, 329.9, 112.74, 336.02, 114.78, 339.86, 119.22, 341.42, 124.02, 340.34, 126.06, 340.1, 125.82, 345.26, 125.34, 351.14, 125.34, 355.46, 118.02, 354.86, 114.18, 359.18, 113.34, 365.78, 115.98, 369.5, 119.41, 372.36, 117.37, 372.62, 108.13, 371.96, 106.43, 371.5, 108.13, 367.44, 107.51, 361.52, 104.81, 353.03, 105.75, 342.03, 107.08, 334.94, 107.93, 329.79, 108.09, 325.65, 104.11, 322.07, 100.45, 320.82, 90.77, 321.36, 83.52, 324.17, 79.78, 287.75, 87.26, 289.77, 93.82, 288.68, 103.8, 287.2, 109.73, 285.64, 118.7, 279.79, 122.13, 271.91 ],
					"color": "ce3a3aff"
				}
			},
			"Blue mask": {
				"Blue mask": {
					"type": "clipping",
					"end": "Blue light",
					"vertexCount": 65,
					"vertices": [ 130.13, 382.35, 126.3, 378.41, 118.97, 376.86, 112.63, 378.41, 109.95, 382.64, 110.65, 389.55, 112.63, 394.76, 110.79, 401.25, 108.11, 406.32, 101.91, 409.57, 93.87, 411.68, 89.5, 408.58, 88.66, 404.35, 89.92, 398.99, 91.48, 394.06, 93.17, 388.7, 92.46, 384.61, 91.05, 381.23, 85.55, 377.42, 79.49, 377.84, 76.53, 380.66, 71.59, 389.97, 69.62, 398.57, 69.76, 409.98, 70.89, 414.78, 73.99, 421.12, 79.21, 425.78, 84.85, 429.02, 91.76, 430.71, 98.38, 430.57, 106.56, 428.74, 113.05, 426.06, 119.53, 421.97, 127.01, 415.77, 130.81, 408.01, 133.78, 393.21, 130.11, 382.35, 145.76, 329.19, 148.3, 320.87, 148.16, 306.07, 145.76, 288.58, 143.22, 275.19, 139.27, 273.5, 137.02, 274.91, 130.11, 275.05, 126.58, 277.87, 125.17, 282.38, 126.3, 288.87, 120.66, 290.56, 100.5, 294.22, 92.04, 296.9, 88.23, 301.27, 87.95, 306.21, 89.36, 311.85, 93.31, 315.23, 102.9, 318.48, 122.92, 314.95, 125.88, 311, 128.42, 310.58, 129.83, 318.19, 129.69, 323.27, 131.66, 328.49, 136.74, 330.46, 142.38, 330.18, 145.74, 329.19 ],
					"color": "ce3a3aff"
				}
			},
			"Eye lash": {
				"Eye lash": {
					"type": "mesh",
					"uvs": [ 0.03536, 0.04279, 0.15267, 0.00153, 0.31502, 0.00871, 0.52805, 0.33165, 0.80302, 0.32268, 1, 0.44826, 1, 0.90397, 0.91, 1, 0.67163, 1, 0.5731, 0.82503, 0.23431, 0.76403, 0, 0.55591, 0, 0.15044, 0.06628, 0.29185, 0.14699, 0.31159, 0.20799, 0.43, 0.22957, 0.57353, 0.17421, 0.59506, 0.10382, 0.491, 0.06159, 0.41385, 0.01748, 0.20574, 0.03813, 0.10347, 0.11978, 0.05324, 0.23614, 0.04427, 0.31591, 0.09091, 0.38536, 0.186, 0.46231, 0.27391, 0.4839, 0.4605, 0.42477, 0.60044, 0.37691, 0.60403, 0.37316, 0.46768, 0.34407, 0.39053, 0.28776, 0.3403, 0.20799, 0.32594, 0.62185, 0.72783, 0.67628, 0.57712, 0.76544, 0.45512, 0.84896, 0.41027, 0.93248, 0.46589, 0.98128, 0.57353, 0.98503, 0.75833, 0.9597, 0.81215, 0.9353, 0.80677, 0.8696, 0.9198, 0.76356, 0.92697, 0.71007, 0.85162, 0.77482, 0.81036, 0.83394, 0.80497, 0.86022, 0.74936, 0.87805, 0.72603, 0.91277, 0.77089, 0.82737, 0.67042, 0.75042, 0.66683, 0.69693, 0.72962, 0.65188, 0.79241 ],
					"triangles": [ 49, 51, 38, 52, 35, 36, 39, 49, 38, 39, 38, 5, 51, 36, 37, 36, 4, 37, 51, 37, 38, 38, 37, 5, 52, 36, 51, 50, 49, 39, 35, 3, 36, 48, 51, 49, 46, 52, 51, 53, 35, 52, 50, 48, 49, 48, 50, 47, 43, 47, 50, 44, 47, 43, 44, 46, 47, 53, 52, 46, 44, 45, 46, 9, 34, 54, 9, 28, 34, 8, 44, 7, 40, 5, 6, 5, 37, 4, 36, 3, 4, 7, 41, 6, 7, 43, 42, 9, 54, 8, 8, 54, 45, 8, 45, 44, 54, 53, 45, 45, 53, 46, 46, 51, 47, 44, 43, 7, 43, 50, 42, 47, 51, 48, 54, 34, 53, 34, 27, 35, 27, 3, 35, 34, 35, 53, 7, 42, 41, 42, 50, 40, 41, 40, 6, 41, 42, 40, 40, 50, 39, 40, 39, 5, 15, 14, 33, 13, 21, 22, 21, 0, 22, 28, 30, 27, 29, 30, 28, 19, 13, 14, 19, 20, 13, 11, 19, 18, 18, 19, 14, 11, 18, 17, 17, 18, 15, 16, 17, 15, 16, 15, 32, 22, 0, 1, 23, 1, 2, 12, 0, 21, 17, 16, 10, 18, 14, 15, 13, 22, 14, 10, 16, 29, 29, 16, 30, 29, 28, 9, 30, 16, 31, 28, 27, 34, 26, 2, 3, 11, 20, 19, 11, 12, 20, 20, 12, 21, 20, 21, 13, 22, 1, 23, 15, 33, 32, 23, 2, 24, 27, 26, 3, 27, 30, 26, 30, 31, 26, 31, 25, 26, 32, 24, 25, 33, 14, 23, 10, 29, 9, 10, 11, 17, 14, 22, 23, 32, 33, 23, 24, 32, 23, 31, 32, 25, 2, 26, 25, 31, 16, 32, 25, 24, 2 ],
					"vertices": [ 1, 34, -18.84, -4.35, 1, 1, 34, -12.5, 0.11, 1, 1, 34, -2.81, 4.3, 1, 1, 35, -22.55, -1.44, 1, 1, 35, -5.69, 4.49, 1, 1, 35, 7.8, 4.48, 1, 1, 35, 12.7, -10.22, 1, 1, 35, 8.18, -15.16, 1, 2, 35, -6.52, -20.06, 0.992, 36, -6.13, -5.12, 0.008, 1, 35, -14.48, -16.43, 1, 4, 37, 3.5, -5.11, 0.95977, 34, 3.15, -21.23, 0.01505, 35, -36.03, -21.42, 0.008, 36, -35.64, -6.35, 0.01718, 2, 37, -13.17, -3.13, 0.90915, 34, -13.64, -21.16, 0.09085, 1, 34, -19.4, -8.64, 1, 2, 37, -11.87, 6.74, 0.224, 34, -13.48, -11.2, 0.776, 2, 37, -6.68, 7.74, 0.424, 34, -8.43, -9.62, 0.576, 2, 37, -1.66, 5.15, 0.264, 34, -3.15, -11.62, 0.736, 1, 34, 0.17, -15.47, 1, 1, 34, -2.8, -17.64, 1, 1, 34, -8.43, -16.34, 1, 1, 34, -12.02, -15.1, 1, 2, 37, -15.8, 8.54, 0.552, 34, -17.58, -9.87, 0.448, 2, 37, -15.61, 12.26, 0.464, 34, -17.82, -6.15, 0.536, 2, 37, -11.1, 15.53, 0.656, 34, -13.71, -2.38, 0.344, 1, 37, -4, 18.18, 1, 1, 37, 1.42, 18.29, 1, 2, 37, 6.71, 16.62, 0.896, 34, 3.86, 0.73, 0.104, 2, 37, 12.4, 15.34, 0.696, 34, 9.66, 0.1, 0.304, 2, 37, 15.71, 9.75, 0.56, 34, 13.58, -5.07, 0.44, 2, 37, 13.54, 4.03, 0.104, 34, 12.08, -11, 0.896, 2, 37, 10.62, 2.94, 0.168, 34, 9.3, -12.41, 0.832, 2, 37, 8.94, 7.27, 0.568, 34, 7.14, -8.3, 0.432, 2, 37, 6.33, 9.18, 0.792, 34, 4.33, -6.71, 0.208, 2, 37, 2.32, 9.66, 0.88, 34, 0.29, -6.69, 0.12, 2, 37, -2.76, 8.51, 0.672, 34, -4.62, -8.41, 0.328, 1, 35, -12.52, -12.3, 1, 2, 35, -10.78, -6.32, 0.448, 36, -10.32, 8.64, 0.552, 1, 36, -6.11, 14.38, 1, 1, 36, -1.42, 17.52, 1, 1, 36, 4.33, 17.42, 1, 2, 35, 7.99, 0.06, 0.024, 36, 8.48, 14.93, 0.976, 2, 35, 10.21, -5.83, 0.672, 36, 10.67, 9.03, 0.328, 2, 35, 9.23, -8.08, 0.688, 36, 9.67, 6.78, 0.312, 2, 35, 7.66, -8.41, 0.736, 36, 8.11, 6.46, 0.264, 1, 35, 4.82, -13.41, 1, 1, 35, -1.64, -15.81, 1, 2, 35, -5.75, -14.48, 0.816, 36, -5.33, 0.45, 0.184, 2, 35, -2.2, -11.82, 0.664, 36, -1.76, 3.09, 0.336, 2, 35, 1.39, -10.43, 0.68, 36, 1.83, 4.47, 0.32, 2, 35, 2.42, -8.1, 0.6, 36, 2.86, 6.79, 0.4, 2, 35, 3.27, -6.98, 0.416, 36, 3.72, 7.91, 0.584, 1, 35, 5.89, -7.72, 1, 2, 35, -0.46, -6.23, 0.32, 36, 0, 8.68, 0.68, 2, 35, -5.24, -7.69, 0.312, 36, -4.79, 7.24, 0.688, 2, 35, -7.87, -10.81, 0.592, 36, -7.43, 4.13, 0.408, 2, 35, -9.97, -13.77, 0.984, 36, -9.55, 1.19, 0.016 ],
					"hull": 13,
					"edges": [ 0, 2, 2, 4, 4, 6, 6, 8, 8, 10, 10, 12, 12, 14, 14, 16, 16, 18, 18, 20, 20, 22, 22, 24, 0, 24, 26, 28, 28, 30, 30, 32, 32, 34, 34, 36, 36, 38, 38, 26, 26, 40, 40, 42, 42, 44, 44, 46, 46, 48, 48, 50, 50, 52, 52, 54, 54, 56, 56, 58, 58, 60, 60, 62, 62, 64, 64, 66, 66, 28, 68, 70, 70, 72, 72, 74, 74, 76, 76, 78, 78, 80, 80, 82, 82, 84, 84, 86, 86, 88, 88, 90, 90, 92, 92, 94, 94, 96, 96, 98, 98, 100, 100, 80, 98, 102, 102, 104, 104, 106, 106, 108, 108, 68 ],
					"width": 65,
					"height": 34
				}
			},
			"eye white": {
				"eye white": { "x": 44.08, "y": 3.1, "rotation": -68.2, "width": 55, "height": 25 }
			},
			"White pad": {
				"White pad": { "x": 88.35, "y": 371.05, "rotation": -90, "width": 356, "height": 266 }
			},
			"Face": {
				"Face": { "x": 49.84, "y": 10.25, "rotation": -68.2, "width": 86, "height": 105 }
			},
			"S1": {
				"S1": {
					"type": "mesh",
					"uvs": [ 0, 0.27871, 0.08064, 0.1286, 0.24931, 0.04306, 0.49902, 0, 0.84949, 0.01562, 0.96778, 0.15927, 0.9853, 0.382, 0.8714, 0.44334, 1, 0.6919, 0.90206, 0.87106, 0.69616, 0.98727, 0.26245, 0.98565, 0.00616, 0.94207, 0, 0.71611, 0.01054, 0.55471, 0.14416, 0.52727, 0.00178, 0.42236 ],
					"triangles": [ 15, 10, 11, 11, 12, 15, 9, 10, 15, 15, 16, 0, 5, 3, 4, 7, 5, 6, 2, 0, 1, 2, 15, 0, 9, 7, 8, 15, 12, 13, 3, 15, 2, 5, 7, 3, 7, 15, 3, 9, 15, 7, 15, 13, 14 ],
					"vertices": [ 1, 3, 27.29, 20.67, 1, 1, 3, 36, 17.7, 1, 1, 3, 41.21, 10.86, 1, 1, 3, 44.17, 0.5, 1, 1, 3, 43.99, -14.24, 1, 1, 3, 36.05, -19.6, 1, 1, 3, 23.41, -20.95, 1, 1, 3, 19.69, -16.34, 1, 2, 3, 5.8, -22.42, 0.592, 5, 41.27, 28.8, 0.408, 1, 5, 37.06, 18.63, 1, 1, 5, 28.36, 12.08, 1, 1, 5, 10.14, 12.34, 1, 1, 5, -0.6, 14.92, 1, 2, 3, 2.39, 19.46, 0.584, 5, -0.74, 27.8, 0.416, 1, 3, 11.6, 19.47, 1, 1, 3, 13.43, 13.94, 1, 1, 3, 19.11, 20.2, 1 ],
					"hull": 17,
					"edges": [ 0, 2, 2, 4, 4, 6, 6, 8, 8, 10, 10, 12, 12, 14, 14, 16, 16, 18, 18, 20, 20, 22, 22, 24, 24, 26, 26, 28, 28, 30, 30, 32, 0, 32 ],
					"width": 42,
					"height": 57
				}
			},
			"Neck": {
				"Neck": {
					"type": "mesh",
					"uvs": [ 0.00105, 0.16181, 0.00451, 0.24326, 0.12388, 0.68643, 0.16182, 0.8273, 0.18786, 0.92399, 0.25705, 1, 0.71716, 0.95017, 1, 0.81054, 0.98193, 0.67363, 0.96866, 0.57306, 0.94202, 0.37126, 0.75867, 0, 0, 0, 0.39889, 0.67381, 0.72408, 0.64181, 0.4404, 0.81635, 0.78289, 0.72326 ],
					"triangles": [ 15, 14, 16, 3, 13, 15, 15, 13, 14, 2, 1, 13, 10, 14, 13, 16, 14, 9, 14, 10, 9, 10, 13, 11, 11, 13, 1, 1, 0, 11, 0, 12, 11, 3, 2, 13, 8, 16, 9, 16, 8, 7, 6, 16, 7, 6, 15, 16, 5, 15, 6, 5, 4, 15, 4, 3, 15 ],
					"vertices": [ 1, 18, 27.41, 18.25, 1, 1, 18, 23.82, 18.25, 1, 1, 18, 4.19, 14.49, 1, 2, 17, 43.43, 13.34, 0.67927, 18, -2.06, 13.3, 0.32073, 1, 17, 39.09, 12.94, 1, 1, 17, 35.44, 10.84, 1, 1, 17, 35.4, -6.33, 1, 1, 17, 40.13, -17.5, 1, 2, 17, 46.19, -17.62, 0.752, 18, 3.67, -17.25, 0.248, 1, 18, 8.11, -16.91, 1, 1, 18, 17.02, -16.23, 1, 1, 18, 33.58, -10, 1, 1, 18, 34.53, 18.05, 1, 1, 18, 4.4, 4.31, 1, 1, 18, 5.4, -7.77, 1, 2, 17, 42.57, 3.06, 0.768, 18, -1.92, 2.98, 0.232, 2, 17, 44.98, -10.04, 0.648, 18, 1.74, -9.82, 0.352 ],
					"hull": 13,
					"edges": [ 0, 2, 8, 10, 10, 12, 12, 14, 20, 22, 22, 24, 0, 24, 2, 4, 4, 26, 26, 28, 18, 20, 28, 18, 4, 6, 6, 8, 6, 30, 30, 32, 14, 16, 16, 18, 32, 16 ],
					"width": 37,
					"height": 44
				}
			}
		}
	}
],
"animations": {
	"animation": {
		"bones": {
			"U2": {
				"scale": [
					{ "time": 0.1667 },
					{ "time": 0.2333, "y": 0.007 },
					{ "time": 0.3 }
				]
			},
			"U3": {
				"scale": [
					{ "time": 0.1667 },
					{ "time": 0.2333, "y": 0.007 },
					{ "time": 0.3 }
				]
			},
			"U4": {
				"scale": [
					{ "time": 0.3333, "curve": 0.25, "c3": 0.75 },
					{ "time": 0.5, "x": 1.189, "curve": 0.25, "c3": 0.75 },
					{ "time": 0.6333 }
				]
			},
			"C": {
				"rotate": [
					{ "time": 0.6667, "curve": 0.25, "c3": 0.75 },
					{ "time": 0.8333, "angle": -26.96, "curve": 0.25, "c3": 0.75 },
					{ "time": 1, "angle": 25.13, "curve": 0.25, "c3": 0.75 },
					{ "time": 1.1667, "angle": -19.19, "curve": 0.25, "c3": 0.75 },
					{ "time": 1.3333, "angle": 10.7, "curve": 0.25, "c3": 0.75 },
					{ "time": 1.5, "angle": -8.3, "curve": 0.25, "c3": 0.75 },
					{ "time": 1.6667, "angle": 1.02, "curve": 0.25, "c3": 0.75 },
					{ "time": 1.7667 }
				]
			},
			"P": {
				"scale": [
					{ "time": 1.6333, "curve": 0.25, "c3": 0.75 },
					{ "time": 1.6667, "x": 0.684, "curve": 0.25, "c3": 0.75 },
					{ "time": 1.7667, "x": 1.02, "curve": 0.25, "c3": 0.75 },
					{ "time": 1.8, "x": 0.902, "curve": 0.25, "c3": 0.75 },
					{ "time": 1.8333, "x": 0.924, "curve": 0.25, "c3": 0.75 },
					{ "time": 1.8667 }
				]
			},
			"S": {
				"scale": [
					{ "time": 2.0667, "curve": 0.25, "c3": 0.75 },
					{ "time": 2.1, "x": 0.684, "curve": 0.25, "c3": 0.75 },
					{ "time": 2.2, "x": 1.02, "curve": 0.25, "c3": 0.75 },
					{ "time": 2.2333, "x": 0.9, "curve": 0.25, "c3": 0.75 },
					{ "time": 2.2667, "x": 0.92, "curve": 0.25, "c3": 0.75 },
					{ "time": 2.3 }
				]
			},
			"R": {
				"scale": [
					{ "time": 2.3333 },
					{ "time": 2.3667, "x": 0.62 },
					{ "time": 2.4667, "x": 1.02 },
					{ "time": 2.5, "x": 0.9 },
					{ "time": 2.5333, "x": 0.92 },
					{ "time": 2.5667 }
				]
			},
			"FX": {
				"translate": [
					{ "time": 3, "curve": 0.78, "c2": 0.19, "c3": 0.654, "c4": 0.97 },
					{ "time": 3.6333, "y": -485.39 }
				]
			},
			"Glitter": {
				"rotate": [
					{ "time": 3.1667, "curve": 0.25, "c3": 0.75 },
					{ "time": 3.4, "angle": 80, "curve": 0.25, "c3": 0.75 },
					{ "time": 3.5667, "angle": 180 }
				],
				"scale": [
					{ "x": 0, "y": 0, "curve": "stepped" },
					{ "time": 3.1667, "x": 0, "y": 0, "curve": 0.25, "c3": 0.75 },
					{ "time": 3.4, "x": 1.8, "y": 1.8, "curve": 0.25, "c3": 0.75 },
					{ "time": 3.5667, "x": 0, "y": 0 }
				]
			},
			"Glitter2": {
				"rotate": [
					{ "time": 3.3, "curve": 0.25, "c3": 0.75 },
					{ "time": 3.5333, "angle": 80, "curve": 0.25, "c3": 0.75 },
					{ "time": 3.7, "angle": 180 }
				],
				"scale": [
					{ "x": 0, "y": 0, "curve": "stepped" },
					{ "time": 3.3, "x": 0, "y": 0, "curve": 0.25, "c3": 0.75 },
					{ "time": 3.5333, "x": 1.8, "y": 1.8, "curve": 0.25, "c3": 0.75 },
					{ "time": 3.7, "x": 0, "y": 0 }
				]
			},
			"Glitter3": {
				"rotate": [
					{ "time": 3.4, "curve": 0.25, "c3": 0.75 },
					{ "time": 3.6333, "angle": 80, "curve": 0.25, "c3": 0.75 },
					{ "time": 3.8, "angle": 180 }
				],
				"scale": [
					{ "x": 0, "y": 0, "curve": "stepped" },
					{ "time": 3.4, "x": 0, "y": 0, "curve": 0.25, "c3": 0.75 },
					{ "time": 3.6333, "x": 1.8, "y": 1.8, "curve": 0.25, "c3": 0.75 },
					{ "time": 3.8, "x": 0, "y": 0 }
				]
			},
			"Glitter4": {
				"rotate": [
					{ "time": 3.4667, "curve": 0.25, "c3": 0.75 },
					{ "time": 3.7, "angle": 80, "curve": 0.25, "c3": 0.75 },
					{ "time": 3.8667, "angle": 180 }
				],
				"scale": [
					{ "x": 0, "y": 0, "curve": "stepped" },
					{ "time": 3.4667, "x": 0, "y": 0, "curve": 0.25, "c3": 0.75 },
					{ "time": 3.7, "x": 1.8, "y": 1.8, "curve": 0.25, "c3": 0.75 },
					{ "time": 3.8667, "x": 0, "y": 0 }
				]
			},
			"Eye close5": {
				"translate": [
					{ "time": 0.3 },
					{ "time": 0.4, "x": -11.22, "y": -0.14 },
					{ "time": 0.4333, "curve": "stepped" },
					{ "time": 2.0667 },
					{ "time": 2.1667, "x": -11.22, "y": -0.14, "curve": "stepped" },
					{ "time": 2.3, "x": -11.22, "y": -0.14 },
					{ "time": 2.3333 }
				]
			},
			"Eye close4": {
				"translate": [
					{ "time": 0.3 },
					{ "time": 0.4, "x": -13.1, "y": -0.17 },
					{ "time": 0.4333 }
				]
			},
			"Chest": {
				"rotate": [
					{ "angle": -0.11, "curve": 0.36, "c2": 0.64, "c3": 0.695 },
					{ "time": 0.1333, "curve": 0.25, "c3": 0.75 },
					{ "time": 1.1333, "angle": -2.58, "curve": 0.245, "c3": 0.711, "c4": 0.83 },
					{ "time": 2, "angle": -0.11, "curve": 0.36, "c2": 0.64, "c3": 0.695 },
					{ "time": 2.1333, "curve": 0.25, "c3": 0.75 },
					{ "time": 3.1333, "angle": -2.58, "curve": 0.245, "c3": 0.711, "c4": 0.83 },
					{ "time": 4, "angle": -0.11 }
				]
			},
			"Nec": {
				"rotate": [
					{ "angle": -0.34, "curve": 0.375, "c2": 0.62, "c3": 0.716 },
					{ "time": 0.2, "curve": 0.25, "c3": 0.75 },
					{ "time": 1.2, "angle": -2.58, "curve": 0.243, "c3": 0.68, "c4": 0.71 },
					{ "time": 2, "angle": -0.34, "curve": 0.375, "c2": 0.62, "c3": 0.716 },
					{ "time": 2.2, "curve": 0.25, "c3": 0.75 },
					{ "time": 3.2, "angle": -2.58, "curve": 0.243, "c3": 0.68, "c4": 0.71 },
					{ "time": 4, "angle": -0.34 }
				]
			},
			"Head": {
				"rotate": [
					{ "angle": -0.62, "curve": 0.382, "c2": 0.58, "c3": 0.731 },
					{ "time": 0.3333, "curve": 0.25, "c3": 0.75 },
					{ "time": 1.3333, "angle": -2.58, "curve": 0.243, "c3": 0.655, "c4": 0.63 },
					{ "time": 2, "angle": -0.62, "curve": 0.382, "c2": 0.58, "c3": 0.731 },
					{ "time": 2.3333, "curve": 0.25, "c3": 0.75 },
					{ "time": 3.3333, "angle": -2.58, "curve": 0.243, "c3": 0.655, "c4": 0.63 },
					{ "time": 4, "angle": -0.62 }
				]
			},
			"Head3": {
				"rotate": [
					{ "curve": 0.25, "c3": 0.75 },
					{ "time": 1, "angle": -1.09, "curve": 0.25, "c3": 0.75 },
					{ "time": 2, "curve": 0.25, "c3": 0.75 },
					{ "time": 3, "angle": -1.09, "curve": 0.25, "c3": 0.75 },
					{ "time": 4 }
				]
			},
			"Head4": {
				"rotate": [
					{ "curve": 0.25, "c3": 0.75 },
					{ "time": 1, "angle": -1.09, "curve": 0.25, "c3": 0.75 },
					{ "time": 2, "curve": 0.25, "c3": 0.75 },
					{ "time": 3, "angle": -1.09, "curve": 0.25, "c3": 0.75 },
					{ "time": 4 }
				]
			},
			"Head5": {
				"rotate": [
					{ "curve": 0.25, "c3": 0.75 },
					{ "time": 1, "angle": -1.09, "curve": 0.25, "c3": 0.75 },
					{ "time": 2, "curve": 0.25, "c3": 0.75 },
					{ "time": 3, "angle": -1.09, "curve": 0.25, "c3": 0.75 },
					{ "time": 4 }
				]
			},
			"Head6": {
				"rotate": [
					{ "curve": 0.25, "c3": 0.75 },
					{ "time": 1, "angle": 9.31, "curve": 0.25, "c3": 0.75 },
					{ "time": 2, "curve": 0.25, "c3": 0.75 },
					{ "time": 3, "angle": 9.31, "curve": 0.25, "c3": 0.75 },
					{ "time": 4 }
				]
			},
			"hair2": {
				"rotate": [
					{ "angle": 1.61, "curve": 0.369, "c2": 0.63, "c3": 0.706 },
					{ "time": 0.1667, "angle": 2.08, "curve": 0.25, "c3": 0.75 },
					{ "time": 1.1667, "angle": -3.54, "curve": 0.244, "c3": 0.694, "c4": 0.77 },
					{ "time": 2, "angle": 1.61, "curve": 0.369, "c2": 0.63, "c3": 0.706 },
					{ "time": 2.1667, "angle": 2.08, "curve": 0.25, "c3": 0.75 },
					{ "time": 3.1667, "angle": -3.54, "curve": 0.244, "c3": 0.694, "c4": 0.77 },
					{ "time": 4, "angle": 1.61 }
				]
			},
			"hair3": {
				"rotate": [
					{ "angle": -2.93, "curve": 0.379, "c2": 0.6, "c3": 0.724 },
					{ "time": 0.2333, "angle": -1.11, "curve": 0.25, "c3": 0.75 },
					{ "time": 1.2667, "angle": -10.99, "curve": 0.242, "c3": 0.667, "c4": 0.67 },
					{ "time": 2, "angle": -2.93, "curve": 0.379, "c2": 0.6, "c3": 0.724 },
					{ "time": 2.2333, "angle": -1.11, "curve": 0.25, "c3": 0.75 },
					{ "time": 3.2667, "angle": -10.99, "curve": 0.242, "c3": 0.667, "c4": 0.67 },
					{ "time": 4, "angle": -2.93 }
				]
			},
			"hair4": {
				"rotate": [
					{ "angle": -6.49, "curve": 0.381, "c2": 0.55, "c3": 0.742 },
					{ "time": 0.4, "angle": 3.09, "curve": 0.25, "c3": 0.75 },
					{ "time": 1.4, "angle": -22.94, "curve": 0.245, "c3": 0.637, "c4": 0.56 },
					{ "time": 2, "angle": -6.49, "curve": 0.381, "c2": 0.55, "c3": 0.742 },
					{ "time": 2.4, "angle": 3.09, "curve": 0.25, "c3": 0.75 },
					{ "time": 3.4, "angle": -22.94, "curve": 0.245, "c3": 0.637, "c4": 0.56 },
					{ "time": 4, "angle": -6.49 }
				]
			},
			"lips": {
				"scale": [
					{ "time": 2.1333 },
					{ "time": 2.1667, "x": 0.769, "y": 1.214, "curve": "stepped" },
					{ "time": 2.3, "x": 0.769, "y": 1.214 },
					{ "time": 2.3333 }
				]
			},
			"Eybrows": {
				"rotate": [
					{ "time": 2.1 },
					{ "time": 2.1667, "angle": 6.27 },
					{ "time": 2.2 }
				]
			}
		},
		"path": {
			"U txt path": {
				"position": [
					{ "curve": "stepped" },
					{ "time": 1.0333 },
					{ "time": 2.4, "position": 0.6939 },
					{ "time": 3, "position": 1 }
				],
				"mix": [
					{ "time": 2.8333 },
					{ "time": 3, "rotateMix": 0, "translateMix": 0 }
				]
			}
		}
	}
}
}