{"skeleton":{"hash":"YOKFlw5JE3NSSMeGfWu5s+1I26g","spine":"3.8.75","x":4.3,"y":-298.38,"width":392.5,"height":269.8,"images":"./images/","audio":"E:/Saravanan/2025/08.August/02.K-Pop Demon Hunter Fashion/06.08.2025/title-animation"},"bones":[{"name":"root"},{"name":"all main bone","parent":"root","rotation":-1.36,"x":199.86,"y":-314.24},{"name":"K pop","parent":"all main bone","length":35.87,"rotation":89.55,"x":3.7,"y":183.39},{"name":"Demon","parent":"all main bone","rotation":89.93,"x":-2.36,"y":194.6},{"name":"Hunter","parent":"all main bone","rotation":91.36,"x":-0.66,"y":121.12},{"name":"Fashion","parent":"all main bone","rotation":88,"x":5.32,"y":60.43},{"name":"Knife","parent":"all main bone","length":105.96,"rotation":57.37,"x":116.94,"y":130.79},{"name":"Right wings","parent":"all main bone","length":60.65,"rotation":50.92,"x":92.84,"y":199.55},{"name":"left wings","parent":"all main bone","length":76.04,"rotation":135.03,"x":-100.31,"y":175.04},{"name":"Mic","parent":"all main bone","length":55.59,"rotation":122.33,"x":-85.48,"y":207.39,"scaleX":0.8812,"scaleY":0.8812},{"name":"Speaker left","parent":"all main bone","length":49.53,"rotation":-160.2,"x":-116.36,"y":87.37},{"name":"Speaker Right","parent":"all main bone","length":39.41,"rotation":-8.59,"x":116.33,"y":99.04},{"name":"K pop back","parent":"all main bone","length":22.48,"rotation":-0.37,"x":3.98,"y":173.73},{"name":"Demon back","parent":"all main bone","length":25.21,"rotation":2.91,"x":-4.76,"y":177.9},{"name":"Hunter back","parent":"all main bone","length":16.34,"rotation":1.36,"x":1.02,"y":107.19},{"name":"Fashion back","parent":"all main bone","length":21.12,"rotation":3.21,"x":5.88,"y":46},{"name":"Shadow","parent":"all main bone","length":9.56,"rotation":95.45,"x":1.36,"y":20.86},{"name":"Blue cir","parent":"root","length":34.05,"rotation":-3.9,"x":206.57,"y":-188.39},{"name":"purpule cir","parent":"root","length":32.46,"rotation":-2.73,"x":210.43,"y":-118.13},{"name":"Moving cirle","parent":"root","length":37.06,"rotation":-1.19,"x":210.03,"y":-110.33},{"name":"Blue cir2","parent":"root","length":34.05,"rotation":-3.9,"x":206.11,"y":-253.39},{"name":"Blue cir3","parent":"root","length":32.25,"rotation":-3.9,"x":358.07,"y":-206.07,"scaleX":0.477,"scaleY":0.5675},{"name":"Blue cir4","parent":"root","length":34.05,"rotation":11.6,"x":48.09,"y":-252.33,"scaleX":0.6415,"scaleY":0.7343}],"slots":[{"name":"Shadow","bone":"Shadow","color":"ffffff28","attachment":"Shadow"},{"name":"Mic","bone":"Mic","attachment":"Mic"},{"name":"Speaker Right","bone":"Speaker Right","attachment":"Speaker Right"},{"name":"Speaker left","bone":"Speaker left","attachment":"Speaker left"},{"name":"left wings","bone":"left wings","attachment":"left wings"},{"name":"Right wings","bone":"Right wings","attachment":"Right wings"},{"name":"Fashion back","bone":"Fashion back","attachment":"Fashion back"},{"name":"Hunter back","bone":"Hunter back","attachment":"Hunter back"},{"name":"Demon back","bone":"Demon back","attachment":"Demon back2"},{"name":"K pop back","bone":"K pop back","attachment":"K pop back"},{"name":"Knife","bone":"Knife","attachment":"Knife"},{"name":"K pop","bone":"K pop","attachment":"K pop"},{"name":"Demon","bone":"Demon","attachment":"Demon2"},{"name":"Fashion","bone":"Fashion","attachment":"Fashion"},{"name":"Hunter","bone":"Hunter","attachment":"Hunter"},{"name":"Moving cirle","bone":"Moving cirle","attachment":"Moving cirle2"},{"name":"purpule cir","bone":"purpule cir","attachment":"purpule cir2"},{"name":"Blue cir","bone":"Blue cir","attachment":"Blue cir2"},{"name":"Blue cir2","bone":"Blue cir2","attachment":"Blue cir2"},{"name":"Blue cir3","bone":"Blue cir3","attachment":"Blue cir2"},{"name":"Blue cir4","bone":"Blue cir4","attachment":"Blue cir2"}],"skins":[{"name":"default","attachments":{"Shadow":{"Shadow":{"x":128.61,"y":-8.02,"scaleX":1.0064,"scaleY":1.0137,"rotation":-94.09,"width":390,"height":264}},"Knife":{"Knife":{"x":58.18,"y":-2.15,"rotation":-56,"width":82,"height":122}},"K pop back":{"K pop back":{"x":-6.75,"y":21.56,"rotation":1.74,"width":217,"height":90}},"Blue cir2":{"Blue cir":{"x":0.93,"y":-2.26,"rotation":3.9,"width":116,"height":116},"Blue cir2":{"path":"empty","x":0.93,"y":-2.26,"rotation":3.9,"width":10,"height":10}},"Blue cir3":{"Blue cir":{"x":0.93,"y":-2.26,"rotation":3.9,"width":116,"height":116},"Blue cir2":{"path":"empty","x":0.93,"y":-2.26,"rotation":3.9,"width":10,"height":10}},"Blue cir4":{"Blue cir":{"x":0.93,"y":-2.26,"rotation":3.9,"width":116,"height":116},"Blue cir2":{"path":"empty","x":0.93,"y":-2.26,"rotation":3.9,"width":10,"height":10}},"Demon":{"Demon":{"x":1.75,"y":-4.32,"rotation":-88.57,"width":259,"height":86},"Demon2":{"path":"empty","x":1.75,"y":-4.32,"rotation":-88.57,"width":10,"height":10}},"Moving cirle":{"Moving cirle":{"x":1.61,"y":-3.06,"rotation":1.19,"width":120,"height":120},"Moving cirle2":{"path":"empty","x":1.61,"y":-3.06,"rotation":1.19,"width":10,"height":10}},"Fashion":{"Fashion":{"x":2.06,"y":-1.76,"rotation":-86.63,"width":223,"height":64}},"Demon back":{"Demon back":{"x":5.63,"y":17.14,"rotation":-1.55,"width":263,"height":90},"Demon back2":{"path":"empty","x":5.63,"y":17.14,"rotation":-1.55,"width":10,"height":10}},"Hunter":{"Hunter":{"x":3.58,"y":3.81,"rotation":-90,"width":269,"height":89}},"Right wings":{"Right wings":{"x":32.05,"y":0.99,"rotation":-61.13,"width":65,"height":116}},"Blue cir":{"Blue cir":{"x":0.93,"y":-2.26,"rotation":3.9,"width":116,"height":116},"Blue cir2":{"path":"empty","x":0.93,"y":-2.26,"rotation":3.9,"width":10,"height":10}},"Mic":{"Mic":{"x":45.12,"y":4.59,"rotation":-120.96,"width":72,"height":85}},"Speaker left":{"Speaker left":{"x":28.53,"y":-1.74,"rotation":161.57,"width":98,"height":111}},"left wings":{"left wings":{"x":50.19,"y":-5.77,"rotation":-141.18,"width":76,"height":108}},"Fashion back":{"Fashion back":{"x":0.09,"y":12.9,"rotation":-1.85,"width":233,"height":77}},"Hunter back":{"Hunter back":{"x":-7.93,"y":21.1,"width":273,"height":102}},"purpule cir":{"purpule cir":{"x":-0.7,"y":-1.58,"rotation":2.73,"width":116,"height":116},"purpule cir2":{"path":"empty","x":-0.7,"y":-1.58,"rotation":2.73,"width":10,"height":10}},"Speaker Right":{"Speaker Right":{"x":25.96,"y":-9.15,"rotation":9.95,"width":87,"height":109}},"K pop":{"K pop":{"x":14.77,"y":5.28,"rotation":-88.18,"width":212,"height":79}}}}],"events":{"event":{}},"animations":{"in":{"slots":{"purpule cir":{"color":[{"time":0.6333,"color":"ffffffaa","curve":0.371,"c2":0.1,"c3":0.386},{"time":0.8,"color":"ffffff9f","curve":0.371,"c2":0.1,"c3":0.386},{"time":0.9,"color":"ffffff00"}],"attachment":[{"time":0.6333,"name":"purpule cir"}]},"Blue cir2":{"color":[{"time":1.0667,"color":"ffffffac","curve":0.371,"c2":0.1,"c3":0.386},{"time":1.1667,"color":"ffffffc2","curve":0.371,"c2":0.1,"c3":0.386},{"time":1.3333,"color":"ffffff00"}],"attachment":[{"time":1.0667,"name":"Blue cir"}]},"K pop":{"color":[{"color":"ffffff00","curve":0.371,"c2":0.1,"c3":0.386},{"time":0.4,"color":"ffffffff"}]},"Blue cir":{"color":[{"time":0.8,"color":"ffffffac","curve":0.371,"c2":0.1,"c3":0.386},{"time":0.9333,"color":"ffffffc2","curve":0.371,"c2":0.1,"c3":0.386},{"time":1.1,"color":"ffffff00"}],"attachment":[{"time":0.8,"name":"Blue cir"}]},"Demon back":{"color":[{"color":"ffffff00","curve":"stepped"},{"time":0.4,"color":"ffffff00","curve":0.371,"c2":0.1,"c3":0.386},{"time":0.6,"color":"ffffffff"}]},"Shadow":{"color":[{"color":"ffffff00","curve":"stepped"},{"time":1.4,"color":"ffffff00","curve":0.371,"c2":0.1,"c3":0.386},{"time":1.8333,"color":"ffffff85"}]},"Moving cirle":{"color":[{"color":"ffffff00","curve":"stepped"},{"time":0.1667,"color":"ffffff00","curve":0.371,"c2":0.1,"c3":0.386},{"time":0.2,"color":"ffffffff","curve":0.426,"c2":0.09,"c3":0.526,"c4":0.74},{"time":0.3667,"color":"ffffffa3","curve":0.271,"c2":0.62,"c3":0.596},{"time":0.4333,"color":"ffffff00"}],"attachment":[{"name":"Moving cirle"},{"time":0.1667,"name":"Moving cirle"}]},"Hunter":{"color":[{"color":"ffffff00","curve":"stepped"},{"time":0.6,"color":"ffffff00","curve":0.371,"c2":0.1,"c3":0.386},{"time":0.9333,"color":"ffffffff"}]},"K pop back":{"color":[{"color":"ffffff00","curve":"stepped"},{"time":0.2,"color":"ffffff00","curve":0.371,"c2":0.1,"c3":0.386},{"time":0.4,"color":"ffffffff"}]},"Fashion back":{"color":[{"color":"ffffff00","curve":"stepped"},{"time":0.8,"color":"ffffff00","curve":0.371,"c2":0.1,"c3":0.386},{"time":1,"color":"ffffffff"}]},"Demon":{"color":[{"color":"ffffff00","curve":"stepped"},{"time":0.2667,"color":"ffffff00","curve":"stepped"},{"time":0.4,"color":"ffffff00","curve":0.231,"c2":0.4,"c3":0.417},{"time":0.7,"color":"ffffffff"}]},"Fashion":{"color":[{"color":"ffffff00","curve":"stepped"},{"time":0.7667,"color":"ffffff00","curve":0.371,"c2":0.1,"c3":0.386},{"time":1.1,"color":"ffffffff"}]},"Hunter back":{"color":[{"color":"ffffff00","curve":"stepped"},{"time":0.7333,"color":"ffffff00","curve":0.371,"c2":0.1,"c3":0.386},{"time":0.9333,"color":"ffffffff"}]}},"bones":{"K pop":{"rotate":[{"angle":3.1,"curve":0.371,"c2":0.1,"c3":0.386},{"time":0.4,"curve":"stepped"},{"time":0.5,"curve":"stepped"},{"time":0.6}],"translate":[{"curve":"stepped"},{"time":0.4,"curve":"stepped"},{"time":0.5,"curve":"stepped"},{"time":0.6}],"scale":[{"x":1.126,"y":2.491,"curve":0.371,"c2":0.1,"c3":0.386},{"time":0.4,"curve":0.371,"c2":0.1,"c3":0.386},{"time":0.5,"x":1.031,"y":1.031,"curve":0.371,"c2":0.1,"c3":0.386},{"time":0.6}]},"Demon":{"rotate":[{"angle":1.29,"curve":"stepped"},{"time":0.2667,"angle":1.29,"curve":0.371,"c2":0.1,"c3":0.386},{"time":0.7,"curve":"stepped"},{"time":0.7667,"curve":"stepped"},{"time":0.9}],"translate":[{"curve":"stepped"},{"time":0.2667,"curve":"stepped"},{"time":0.7,"curve":"stepped"},{"time":0.7667,"curve":"stepped"},{"time":0.9}],"scale":[{"x":0.492,"y":0.624,"curve":"stepped"},{"time":0.2667,"x":0.492,"y":0.624,"curve":0.371,"c2":0.1,"c3":0.386},{"time":0.7,"curve":0.371,"c2":0.1,"c3":0.386},{"time":0.7667,"x":1.031,"y":1.031,"curve":0.371,"c2":0.1,"c3":0.386},{"time":0.9}]},"Hunter":{"rotate":[{"angle":32.52,"curve":"stepped"},{"time":0.6,"angle":32.52,"curve":0.371,"c2":0.1,"c3":0.386},{"time":0.9333,"curve":"stepped"},{"time":1,"curve":"stepped"},{"time":1.1333}],"translate":[{"curve":"stepped"},{"time":0.6,"curve":"stepped"},{"time":0.9333,"curve":"stepped"},{"time":1,"curve":"stepped"},{"time":1.1333}],"scale":[{"x":1.666,"y":1.666,"curve":"stepped"},{"time":0.6,"x":1.666,"y":1.666,"curve":0.371,"c2":0.1,"c3":0.386},{"time":0.9333,"curve":0.371,"c2":0.1,"c3":0.386},{"time":1,"x":1.026,"y":1.026,"curve":0.371,"c2":0.1,"c3":0.386},{"time":1.1333}]},"Fashion":{"rotate":[{"angle":-161.56,"curve":"stepped"},{"time":0.7667,"angle":-161.56,"curve":0.371,"c2":0.1,"c3":0.386},{"time":1.1}],"translate":[{"curve":"stepped"},{"time":0.7667,"curve":"stepped"},{"time":1.1}],"scale":[{"x":0.571,"y":0.571,"curve":"stepped"},{"time":0.7667,"x":0.571,"y":0.571,"curve":0.371,"c2":0.1,"c3":0.386},{"time":1.1}]},"K pop back":{"rotate":[{"curve":"stepped"},{"time":0.2,"curve":"stepped"},{"time":0.4}],"translate":[{"curve":"stepped"},{"time":0.2,"curve":"stepped"},{"time":0.4}],"scale":[{"curve":"stepped"},{"time":0.2,"curve":"stepped"},{"time":0.4}]},"Demon back":{"rotate":[{"curve":"stepped"},{"time":0.4,"curve":"stepped"},{"time":0.6}],"translate":[{"curve":"stepped"},{"time":0.4,"curve":"stepped"},{"time":0.6}],"scale":[{"curve":"stepped"},{"time":0.4,"curve":"stepped"},{"time":0.6}]},"Hunter back":{"rotate":[{"curve":"stepped"},{"time":0.7333,"curve":"stepped"},{"time":0.9333}],"translate":[{"curve":"stepped"},{"time":0.7333,"curve":"stepped"},{"time":0.9333}],"scale":[{"curve":"stepped"},{"time":0.7333,"curve":"stepped"},{"time":0.9333}]},"Fashion back":{"rotate":[{"curve":"stepped"},{"time":0.8,"curve":"stepped"},{"time":1}],"translate":[{"curve":"stepped"},{"time":0.8,"curve":"stepped"},{"time":1}],"scale":[{"curve":"stepped"},{"time":0.8,"curve":"stepped"},{"time":1}]},"Speaker Right":{"rotate":[{"curve":"stepped"},{"time":1.2,"curve":"stepped"},{"time":1.6333,"curve":"stepped"},{"time":1.7,"curve":"stepped"},{"time":1.8333}],"translate":[{"curve":"stepped"},{"time":1.2,"curve":"stepped"},{"time":1.6333,"curve":"stepped"},{"time":1.7,"curve":"stepped"},{"time":1.8333}],"scale":[{"x":0,"y":0,"curve":"stepped"},{"time":1.2,"x":0,"y":0,"curve":0.371,"c2":0.1,"c3":0.386},{"time":1.6333,"curve":0.371,"c2":0.1,"c3":0.386},{"time":1.7,"x":0.986,"y":0.982,"curve":0.371,"c2":0.1,"c3":0.386},{"time":1.8333}]},"Speaker left":{"rotate":[{"curve":"stepped"},{"time":1,"curve":"stepped"},{"time":1.3667,"curve":"stepped"},{"time":1.4667,"curve":"stepped"},{"time":1.5667}],"translate":[{"curve":"stepped"},{"time":1,"curve":"stepped"},{"time":1.3667,"curve":"stepped"},{"time":1.4667,"curve":"stepped"},{"time":1.5667}],"scale":[{"x":0,"y":0,"curve":"stepped"},{"time":1,"x":0,"y":0,"curve":0.371,"c2":0.1,"c3":0.386},{"time":1.3667,"curve":0.371,"c2":0.1,"c3":0.386},{"time":1.4667,"x":0.976,"y":0.984,"curve":0.371,"c2":0.1,"c3":0.386},{"time":1.5667}]},"Knife":{"rotate":[{"curve":"stepped"},{"time":1.1667,"curve":"stepped"},{"time":1.4667,"curve":"stepped"},{"time":1.5667,"curve":"stepped"},{"time":1.6667}],"translate":[{"curve":"stepped"},{"time":1.1667,"curve":"stepped"},{"time":1.4667,"curve":"stepped"},{"time":1.5667,"curve":"stepped"},{"time":1.6667}],"scale":[{"x":0,"y":0,"curve":"stepped"},{"time":1.1667,"x":0,"y":0,"curve":0.371,"c2":0.1,"c3":0.386},{"time":1.4667,"curve":0.371,"c2":0.1,"c3":0.386},{"time":1.5667,"x":0.954,"y":0.954,"curve":"stepped"},{"time":1.6667,"x":0.954,"y":0.954}]},"left wings":{"rotate":[{"curve":"stepped"},{"time":0.8,"curve":"stepped"},{"time":1.2667}],"translate":[{"curve":"stepped"},{"time":0.8,"curve":"stepped"},{"time":1.2667}],"scale":[{"x":0,"y":0,"curve":"stepped"},{"time":0.8,"x":0,"y":0,"curve":0.371,"c2":0.1,"c3":0.386},{"time":1.2667}]},"Right wings":{"rotate":[{"curve":"stepped"},{"time":0.8,"curve":"stepped"},{"time":1.2667}],"translate":[{"curve":"stepped"},{"time":0.8,"curve":"stepped"},{"time":1.2667}],"scale":[{"x":0,"y":0,"curve":"stepped"},{"time":0.8,"x":0,"y":0,"curve":0.371,"c2":0.1,"c3":0.386},{"time":1.2667}]},"Mic":{"rotate":[{"curve":"stepped"},{"time":1.4,"curve":"stepped"},{"time":1.7,"curve":"stepped"},{"time":1.7667,"curve":"stepped"},{"time":1.9333,"curve":"stepped"},{"time":2.6667}],"translate":[{"curve":"stepped"},{"time":1.4,"curve":"stepped"},{"time":1.7,"curve":"stepped"},{"time":1.7667,"curve":"stepped"},{"time":1.9333,"curve":"stepped"},{"time":2.6667}],"scale":[{"x":0,"y":-0.02,"curve":"stepped"},{"time":1.4,"x":0,"y":-0.02,"curve":0.371,"c2":0.1,"c3":0.386},{"time":1.7,"curve":0.371,"c2":0.1,"c3":0.386},{"time":1.7667,"x":0.983,"y":0.983,"curve":0.371,"c2":0.1,"c3":0.386},{"time":1.9333,"curve":"stepped"},{"time":2.6667}]},"Shadow":{"rotate":[{"curve":"stepped"},{"time":1.4,"curve":"stepped"},{"time":1.8333}],"translate":[{"curve":"stepped"},{"time":1.4,"curve":"stepped"},{"time":1.8333}],"scale":[{"curve":"stepped"},{"time":1.4,"curve":0.371,"c2":0.1,"c3":0.386},{"time":1.8333,"x":0.983,"y":0.984}]},"Moving cirle":{"rotate":[{"angle":5.22,"curve":"stepped"},{"time":0.1667,"angle":5.22,"curve":"stepped"},{"time":0.2,"angle":5.22}],"translate":[{"curve":"stepped"},{"time":0.1667,"curve":"stepped"},{"time":0.2,"curve":0.371,"c2":0.1,"c3":0.386},{"time":0.4333,"x":-24.87,"y":-2.49}],"scale":[{"x":0.82,"y":0.575,"curve":"stepped"},{"time":0.1667,"x":0.82,"y":0.575,"curve":"stepped"},{"time":0.2,"x":0.82,"y":0.575,"curve":0.449,"c2":0.09,"c3":0.611,"c4":0.64},{"time":0.3667,"x":3.797,"y":1.01,"curve":0.238,"c2":0.58,"c3":0.545},{"time":0.4333,"x":4.82,"y":1.144}]},"purpule cir":{"rotate":[{"angle":5.22,"curve":"stepped"},{"time":0.6,"angle":5.22,"curve":"stepped"},{"time":0.6333,"angle":5.22,"curve":0.449,"c2":0.09,"c3":0.611,"c4":0.64},{"time":0.8,"angle":6.81,"curve":0.238,"c2":0.58,"c3":0.545},{"time":0.9,"angle":5.75}],"translate":[{"curve":"stepped"},{"time":0.6,"curve":"stepped"},{"time":0.6333,"curve":0.449,"c2":0.09,"c3":0.611,"c4":0.64},{"time":0.8,"x":1.89,"y":3.43,"curve":0.238,"c2":0.58,"c3":0.545},{"time":0.9,"x":7.4,"y":4.43}],"scale":[{"x":0.82,"y":0.575,"curve":"stepped"},{"time":0.6,"x":0.82,"y":0.575,"curve":"stepped"},{"time":0.6333,"x":0.82,"y":0.575,"curve":0.449,"c2":0.09,"c3":0.611,"c4":0.64},{"time":0.8,"x":4.526,"y":0.971,"curve":0.238,"c2":0.58,"c3":0.545},{"time":0.9,"x":4.82,"y":1.144}]},"Blue cir":{"rotate":[{"angle":5.22,"curve":"stepped"},{"time":0.7333,"angle":5.22,"curve":0.371,"c2":0.1,"c3":0.386},{"time":0.8,"angle":10.53,"curve":0.449,"c2":0.09,"c3":0.611,"c4":0.64},{"time":0.9333,"angle":6.81,"curve":0.238,"c2":0.58,"c3":0.545},{"time":1.1,"angle":5.75}],"translate":[{"curve":"stepped"},{"time":0.7333,"curve":"stepped"},{"time":0.8,"curve":0.449,"c2":0.09,"c3":0.611,"c4":0.64},{"time":0.9333,"x":-9.63,"y":4.81,"curve":0.238,"c2":0.58,"c3":0.545},{"time":1.1,"x":7.4,"y":4.43}],"scale":[{"x":0.82,"y":0.575,"curve":"stepped"},{"time":0.7333,"x":0.82,"y":0.575,"curve":"stepped"},{"time":0.8,"x":0.82,"y":0.575,"curve":0.449,"c2":0.09,"c3":0.611,"c4":0.64},{"time":0.9333,"x":4.526,"y":0.971,"curve":0.238,"c2":0.58,"c3":0.545},{"time":1.1,"x":4.82,"y":1.144}]},"Blue cir2":{"rotate":[{"angle":5.22,"curve":"stepped"},{"time":0.9667,"angle":5.22,"curve":0.371,"c2":0.1,"c3":0.386},{"time":1.0667,"angle":10.53,"curve":0.449,"c2":0.09,"c3":0.611,"c4":0.64},{"time":1.1667,"angle":6.81,"curve":0.238,"c2":0.58,"c3":0.545},{"time":1.3333,"angle":5.75}],"translate":[{"curve":0.371,"c2":0.1,"c3":0.386},{"time":0.9667,"x":11.06,"y":-1.38,"curve":"stepped"},{"time":1.0667,"x":11.06,"y":-1.38,"curve":0.449,"c2":0.09,"c3":0.611,"c4":0.64},{"time":1.1667,"x":1.43,"y":3.43,"curve":0.238,"c2":0.58,"c3":0.545},{"time":1.3333,"x":18.46,"y":3.04}],"scale":[{"x":0.82,"y":0.575,"curve":0.371,"c2":0.1,"c3":0.386},{"time":0.9667,"x":0.089,"y":0.417,"curve":"stepped"},{"time":1.0667,"x":0.089,"y":0.417,"curve":0.449,"c2":0.09,"c3":0.611,"c4":0.64},{"time":1.1667,"x":3.795,"y":0.813,"curve":0.238,"c2":0.58,"c3":0.545},{"time":1.3333,"x":4.089,"y":0.985}]}},"events":[{"time":1.9333,"name":"event","string":"in"}]},"loop":{"slots":{"Blue cir4":{"color":[{"time":0.5333,"color":"ffffff01","curve":0.454,"c2":0.09,"c3":0.648,"c4":0.6},{"time":0.6667,"color":"ffffff77","curve":0.226,"c2":0.55,"c3":0.519},{"time":0.7667,"color":"ffffff40"}],"attachment":[{"name":"Blue cir2"},{"time":0.5,"name":"Blue cir2"},{"time":0.5333,"name":"Blue cir"},{"time":0.8333,"name":"Blue cir2"}]},"Blue cir3":{"color":[{"time":1.4,"color":"ffffff19","curve":0.371,"c2":0.1,"c3":0.386},{"time":1.5333,"color":"ffffff96","curve":0.371,"c2":0.1,"c3":0.386},{"time":1.6333,"color":"ffffff19"}],"attachment":[{"name":"Blue cir2"},{"time":1.3667,"name":"Blue cir2"},{"time":1.4,"name":"Blue cir"},{"time":1.6333,"name":"Blue cir"},{"time":1.6667,"name":"Blue cir2"}]},"Shadow":{"color":[{"color":"ffffff87","curve":0.371,"c2":0.1,"c3":0.386},{"time":1,"color":"ffffff47","curve":0.371,"c2":0.1,"c3":0.386},{"time":2,"color":"ffffff87"}]}},"bones":{"K pop":{"rotate":[{"curve":"stepped"},{"time":1,"curve":"stepped"},{"time":2}],"translate":[{"curve":"stepped"},{"time":1,"curve":"stepped"},{"time":2}],"scale":[{"curve":0.371,"c2":0.1,"c3":0.386},{"time":1,"x":1.061,"y":1.061,"curve":0.371,"c2":0.1,"c3":0.386},{"time":2}]},"K pop back":{"rotate":[{"curve":"stepped"},{"time":1,"curve":"stepped"},{"time":2}],"translate":[{"curve":"stepped"},{"time":1,"curve":"stepped"},{"time":2}],"scale":[{"curve":0.371,"c2":0.1,"c3":0.386},{"time":1,"x":1.061,"y":1.061,"curve":0.371,"c2":0.1,"c3":0.386},{"time":2}]},"Demon":{"rotate":[{"angle":-1.33,"curve":0.371,"c2":0.1,"c3":0.386},{"time":0.5,"angle":-2.92,"curve":0.371,"c2":0.1,"c3":0.386},{"time":1,"angle":-1.33,"curve":0.371,"c2":0.1,"c3":0.386},{"time":1.5,"angle":-2.92,"curve":0.371,"c2":0.1,"c3":0.386},{"time":2,"angle":-1.33}],"translate":[{"curve":"stepped"},{"time":0.5,"curve":"stepped"},{"time":1,"curve":"stepped"},{"time":1.5,"curve":"stepped"},{"time":2}],"scale":[{"curve":"stepped"},{"time":0.5,"curve":"stepped"},{"time":1,"curve":"stepped"},{"time":1.5,"curve":"stepped"},{"time":2}]},"Hunter":{"rotate":[{"curve":"stepped"},{"time":1,"curve":"stepped"},{"time":2}],"translate":[{"curve":"stepped"},{"time":1,"curve":"stepped"},{"time":2}],"scale":[{"x":0.974,"curve":0.371,"c2":0.1,"c3":0.386},{"time":1,"x":0.969,"y":0.969,"curve":0.371,"c2":0.1,"c3":0.386},{"time":2,"x":0.974}]},"Fashion":{"rotate":[{"curve":0.371,"c2":0.1,"c3":0.386},{"time":0.5,"angle":2.13,"curve":0.371,"c2":0.1,"c3":0.386},{"time":1,"curve":0.371,"c2":0.1,"c3":0.386},{"time":1.5,"angle":2.13,"curve":0.371,"c2":0.1,"c3":0.386},{"time":2}],"translate":[{"curve":"stepped"},{"time":0.5,"curve":"stepped"},{"time":1,"curve":"stepped"},{"time":1.5,"curve":"stepped"},{"time":2}],"scale":[{"curve":"stepped"},{"time":0.5,"curve":"stepped"},{"time":1,"curve":"stepped"},{"time":1.5,"curve":"stepped"},{"time":2}]},"Hunter back":{"rotate":[{"curve":"stepped"},{"time":1,"curve":"stepped"},{"time":2}],"translate":[{"curve":"stepped"},{"time":1,"curve":"stepped"},{"time":2}],"scale":[{"x":0.974,"curve":0.371,"c2":0.1,"c3":0.386},{"time":1,"x":0.969,"y":0.969,"curve":0.371,"c2":0.1,"c3":0.386},{"time":2,"x":0.974}]},"Speaker Right":{"rotate":[{"curve":"stepped"},{"time":1,"curve":"stepped"},{"time":2}],"translate":[{"curve":"stepped"},{"time":1,"curve":"stepped"},{"time":2}],"scale":[{"curve":0.371,"c2":0.1,"c3":0.386},{"time":1,"x":0.96,"y":0.96,"curve":0.371,"c2":0.1,"c3":0.386},{"time":2}]},"Speaker left":{"rotate":[{"curve":"stepped"},{"time":1,"curve":"stepped"},{"time":2}],"translate":[{"curve":"stepped"},{"time":1,"curve":"stepped"},{"time":2}],"scale":[{"curve":0.371,"c2":0.1,"c3":0.386},{"time":1,"x":0.96,"y":0.96,"curve":0.371,"c2":0.1,"c3":0.386},{"time":2}]},"left wings":{"rotate":[{"curve":0.371,"c2":0.1,"c3":0.386},{"time":0.5,"angle":1.48,"curve":0.371,"c2":0.1,"c3":0.386},{"time":1,"curve":0.371,"c2":0.1,"c3":0.386},{"time":1.5,"angle":1.48,"curve":0.371,"c2":0.1,"c3":0.386},{"time":2}],"translate":[{"curve":"stepped"},{"time":0.5,"curve":"stepped"},{"time":1,"curve":"stepped"},{"time":1.5,"curve":"stepped"},{"time":2}],"scale":[{"curve":0.371,"c2":0.1,"c3":0.386},{"time":0.5,"x":0.934,"y":0.975,"curve":0.371,"c2":0.1,"c3":0.386},{"time":1,"curve":0.371,"c2":0.1,"c3":0.386},{"time":1.5,"x":0.934,"y":0.975,"curve":0.371,"c2":0.1,"c3":0.386},{"time":2}]},"Demon back":{"rotate":[{"curve":"stepped"},{"time":1,"curve":"stepped"},{"time":2}],"translate":[{"curve":"stepped"},{"time":1,"curve":"stepped"},{"time":2}],"scale":[{"curve":0.371,"c2":0.1,"c3":0.386},{"time":1,"x":1.012,"curve":0.371,"c2":0.1,"c3":0.386},{"time":2}]},"Fashion back":{"rotate":[{"curve":"stepped"},{"time":1,"curve":"stepped"},{"time":2}],"translate":[{"curve":"stepped"},{"time":1,"curve":"stepped"},{"time":2}],"scale":[{"curve":0.371,"c2":0.1,"c3":0.386},{"time":1,"x":1.006,"y":1.006,"curve":0.371,"c2":0.1,"c3":0.386},{"time":2}]},"Right wings":{"rotate":[{"curve":0.371,"c2":0.1,"c3":0.386},{"time":0.5,"angle":-4.96,"curve":0.371,"c2":0.1,"c3":0.386},{"time":1,"curve":0.371,"c2":0.1,"c3":0.386},{"time":1.5,"angle":-4.96,"curve":0.371,"c2":0.1,"c3":0.386},{"time":2}],"translate":[{"curve":"stepped"},{"time":0.5,"curve":"stepped"},{"time":1,"curve":"stepped"},{"time":1.5,"curve":"stepped"},{"time":2}],"scale":[{"curve":0.371,"c2":0.1,"c3":0.386},{"time":0.5,"x":0.965,"y":0.965,"curve":0.371,"c2":0.1,"c3":0.386},{"time":1,"curve":0.371,"c2":0.1,"c3":0.386},{"time":1.5,"x":0.965,"y":0.965,"curve":0.371,"c2":0.1,"c3":0.386},{"time":2}]},"Mic":{"rotate":[{"curve":"stepped"},{"time":1,"curve":"stepped"},{"time":2}],"translate":[{"curve":"stepped"},{"time":1,"curve":"stepped"},{"time":2}],"scale":[{"curve":0.371,"c2":0.1,"c3":0.386},{"time":1,"x":0.956,"y":0.956,"curve":0.371,"c2":0.1,"c3":0.386},{"time":2}]},"Knife":{"rotate":[{"curve":0.371,"c2":0.1,"c3":0.386},{"time":1,"angle":-3,"curve":0.371,"c2":0.1,"c3":0.386},{"time":2}],"translate":[{"curve":"stepped"},{"time":1,"curve":"stepped"},{"time":2}],"scale":[{"curve":"stepped"},{"time":1,"curve":"stepped"},{"time":2}]},"Shadow":{"rotate":[{"curve":"stepped"},{"time":1,"curve":"stepped"},{"time":2}],"translate":[{"x":-0.03,"y":1.18,"curve":"stepped"},{"time":1,"x":-0.03,"y":1.18,"curve":"stepped"},{"time":2,"x":-0.03,"y":1.18}],"scale":[{"x":0.991,"y":0.991,"curve":"stepped"},{"time":1,"x":0.991,"y":0.991,"curve":"stepped"},{"time":2,"x":0.991,"y":0.991}]},"Blue cir4":{"rotate":[{"time":0.5333,"curve":"stepped"},{"time":0.7667}],"translate":[{"time":0.5333,"x":2.65,"y":1.59,"curve":0.454,"c2":0.09,"c3":0.648,"c4":0.6},{"time":0.6667,"x":3.19,"y":1.93,"curve":0.226,"c2":0.55,"c3":0.519},{"time":0.7667,"x":2.65,"y":1.59}],"scale":[{"time":0.5333,"x":0.589,"y":0.574,"curve":0.455,"c2":0.09,"c3":0.661,"c4":0.59},{"time":0.6667,"x":0.88,"y":0.858,"curve":0.221,"c2":0.54,"c3":0.508},{"time":0.7667,"x":0.738,"y":0.72}]},"Blue cir3":{"rotate":[{"time":1.4,"curve":"stepped"},{"time":1.6333}],"translate":[{"time":1.4,"x":-1.78,"y":-2.58,"curve":0.454,"c2":0.09,"c3":0.648,"c4":0.6},{"time":1.5333,"x":-2.29,"y":-1.2,"curve":0.226,"c2":0.55,"c3":0.519},{"time":1.6333,"x":-1.78,"y":-2.58}],"scale":[{"time":1.4,"x":0.589,"y":0.574,"curve":0.455,"c2":0.09,"c3":0.661,"c4":0.59},{"time":1.5333,"x":0.887,"y":0.934,"curve":0.221,"c2":0.54,"c3":0.508},{"time":1.6333,"x":0.589,"y":0.574}]}}}}}