{"skeleton":{"hash":"R6wH0WACPIahC5Y6lwGKvgTsNok","spine":"3.8.75","x":-539.5,"y":-304,"width":1079,"height":608,"images":"./Assets/","audio":"D:/01.CuteDessup/01.Games in progress/67.Popular 80s Fashion Trends(Rainbow)/Spine"},"bones":[{"name":"root"},{"name":"Title","parent":"root","y":42.48}],"slots":[{"name":"bg","bone":"root","attachment":"bg"},{"name":"Title","bone":"Title","attachment":"Title"}],"skins":[{"name":"default","attachments":{"bg":{"bg":{"width":1079,"height":608}},"Title":{"Title":{"x":10.92,"y":-17.48,"rotation":-0.13,"width":394,"height":272}}}}],"events":{"event":{}},"animations":{"in":{"slots":{"bg":{"color":[{"color":"ffffff00","curve":0.25,"c3":0.75},{"time":0.3333,"color":"ffffffff","curve":"stepped"},{"time":1.3333,"color":"ffffffff"}]}},"bones":{"Title":{"rotate":[{"angle":90,"curve":"stepped"},{"time":0.3333,"angle":90,"curve":0.25,"c3":0.75},{"time":0.8333}],"scale":[{"x":0,"y":0,"curve":"stepped"},{"time":0.3333,"x":0,"y":0,"curve":0.194,"c2":0.63,"c3":0.729,"c4":1.99},{"time":0.8333}]}},"events":[{"time":1.3333,"name":"event","string":"in"}]},"out":{"slots":{"bg":{"color":[{"color":"ffffffff","curve":"stepped"},{"time":0.6667,"color":"ffffffff","curve":0.25,"c3":0.75},{"time":1,"color":"ffffff00"}]}},"bones":{"Title":{"rotate":[{"curve":"stepped"},{"time":0.3333,"curve":0.25,"c3":0.75},{"time":0.8333,"angle":90}],"scale":[{"curve":"stepped"},{"time":0.3333,"curve":0.239,"c2":-0.5,"c3":0.732},{"time":0.8333,"x":0,"y":0}]}},"events":[{"time":0.8333,"name":"event","string":"out"}]}}}